  Determining projects to restore...
d:\Software\Antigravity\Birooni Tools\Family Loader\2025\FamilyLoader.csproj : warning NU1902: Package 'OpenMcdf' 2.2.1.9 has a known moderate severity vulnerability, https://github.com/advisories/GHSA-5qwm-7pvp-w988
d:\Software\Antigravity\Birooni Tools\Family Loader\2025\FamilyLoader.csproj : warning NU1902: Package 'OpenMcdf' 2.2.1.9 has a known moderate severity vulnerability, https://github.com/advisories/GHSA-jxpf-xq2m-q525
  All projects are up-to-date for restore.
d:\Software\Antigravity\Birooni Tools\Family Loader\2025\FamilyLoader.csproj : warning NU1902: Package 'OpenMcdf' 2.2.1.9 has a known moderate severity vulnerability, https://github.com/advisories/GHSA-5qwm-7pvp-w988
d:\Software\Antigravity\Birooni Tools\Family Loader\2025\FamilyLoader.csproj : warning NU1902: Package 'OpenMcdf' 2.2.1.9 has a known moderate severity vulnerability, https://github.com/advisories/GHSA-jxpf-xq2m-q525
C:\Program Files\dotnet\sdk\9.0.312\Microsoft.Common.CurrentVersion.targets(2433,5): warning MSB3277: Found conflicts between different versions of "Microsoft.VisualBasic" that could not be resolved. [d:\Software\Antigravity\Birooni Tools\Family Loader\2025\FamilyLoader.csproj]
C:\Program Files\dotnet\sdk\9.0.312\Microsoft.Common.CurrentVersion.targets(2433,5): warning MSB3277: There was a conflict between "Microsoft.VisualBasic, Version=10.0.0.0, Culture=neutral, PublicKeyToken=b03f5f7f11d50a3a" and "Microsoft.VisualBasic, Version=10.1.0.0, Culture=neutral, PublicKeyToken=b03f5f7f11d50a3a". [d:\Software\Antigravity\Birooni Tools\Family Loader\2025\FamilyLoader.csproj]
C:\Program Files\dotnet\sdk\9.0.312\Microsoft.Common.CurrentVersion.targets(2433,5): warning MSB3277:     "Microsoft.VisualBasic, Version=10.0.0.0, Culture=neutral, PublicKeyToken=b03f5f7f11d50a3a" was chosen because it was primary and "Microsoft.VisualBasic, Version=10.1.0.0, Culture=neutral, PublicKeyToken=b03f5f7f11d50a3a" was not. [d:\Software\Antigravity\Birooni Tools\Family Loader\2025\FamilyLoader.csproj]
C:\Program Files\dotnet\sdk\9.0.312\Microsoft.Common.CurrentVersion.targets(2433,5): warning MSB3277:     References which depend on "Microsoft.VisualBasic, Version=10.0.0.0, Culture=neutral, PublicKeyToken=b03f5f7f11d50a3a" [C:\Program Files\dotnet\packs\Microsoft.NETCore.App.Ref\8.0.25\ref\net8.0\Microsoft.VisualBasic.dll]. [d:\Software\Antigravity\Birooni Tools\Family Loader\2025\FamilyLoader.csproj]
C:\Program Files\dotnet\sdk\9.0.312\Microsoft.Common.CurrentVersion.targets(2433,5): warning MSB3277:         C:\Program Files\dotnet\packs\Microsoft.NETCore.App.Ref\8.0.25\ref\net8.0\Microsoft.VisualBasic.dll [d:\Software\Antigravity\Birooni Tools\Family Loader\2025\FamilyLoader.csproj]
C:\Program Files\dotnet\sdk\9.0.312\Microsoft.Common.CurrentVersion.targets(2433,5): warning MSB3277:           Project file item includes which caused reference "C:\Program Files\dotnet\packs\Microsoft.NETCore.App.Ref\8.0.25\ref\net8.0\Microsoft.VisualBasic.dll". [d:\Software\Antigravity\Birooni Tools\Family Loader\2025\FamilyLoader.csproj]
C:\Program Files\dotnet\sdk\9.0.312\Microsoft.Common.CurrentVersion.targets(2433,5): warning MSB3277:             C:\Program Files\dotnet\packs\Microsoft.NETCore.App.Ref\8.0.25\ref/net8.0/Microsoft.VisualBasic.dll [d:\Software\Antigravity\Birooni Tools\Family Loader\2025\FamilyLoader.csproj]
C:\Program Files\dotnet\sdk\9.0.312\Microsoft.Common.CurrentVersion.targets(2433,5): warning MSB3277:     References which depend on or have been unified to "Microsoft.VisualBasic, Version=10.1.0.0, Culture=neutral, PublicKeyToken=b03f5f7f11d50a3a" []. [d:\Software\Antigravity\Birooni Tools\Family Loader\2025\FamilyLoader.csproj]
C:\Program Files\dotnet\sdk\9.0.312\Microsoft.Common.CurrentVersion.targets(2433,5): warning MSB3277:         C:\Program Files\Autodesk\Revit 2025\RevitAPI.dll [d:\Software\Antigravity\Birooni Tools\Family Loader\2025\FamilyLoader.csproj]
C:\Program Files\dotnet\sdk\9.0.312\Microsoft.Common.CurrentVersion.targets(2433,5): warning MSB3277:           Project file item includes which caused reference "C:\Program Files\Autodesk\Revit 2025\RevitAPI.dll". [d:\Software\Antigravity\Birooni Tools\Family Loader\2025\FamilyLoader.csproj]
C:\Program Files\dotnet\sdk\9.0.312\Microsoft.Common.CurrentVersion.targets(2433,5): warning MSB3277:             RevitAPI [d:\Software\Antigravity\Birooni Tools\Family Loader\2025\FamilyLoader.csproj]
C:\Program Files\dotnet\sdk\9.0.312\Microsoft.Common.CurrentVersion.targets(2433,5): warning MSB3277:             RevitAPIUI [d:\Software\Antigravity\Birooni Tools\Family Loader\2025\FamilyLoader.csproj]
C:\Program Files\dotnet\sdk\9.0.312\Microsoft.Common.CurrentVersion.targets(2433,5): warning MSB3277:         C:\Program Files\Autodesk\Revit 2025\RevitAPIUI.dll [d:\Software\Antigravity\Birooni Tools\Family Loader\2025\FamilyLoader.csproj]
C:\Program Files\dotnet\sdk\9.0.312\Microsoft.Common.CurrentVersion.targets(2433,5): warning MSB3277:           Project file item includes which caused reference "C:\Program Files\Autodesk\Revit 2025\RevitAPIUI.dll". [d:\Software\Antigravity\Birooni Tools\Family Loader\2025\FamilyLoader.csproj]
C:\Program Files\dotnet\sdk\9.0.312\Microsoft.Common.CurrentVersion.targets(2433,5): warning MSB3277:             RevitAPIUI [d:\Software\Antigravity\Birooni Tools\Family Loader\2025\FamilyLoader.csproj]
C:\Program Files\dotnet\sdk\9.0.312\Microsoft.Common.CurrentVersion.targets(2433,5): warning MSB3277:         C:\Program Files\Autodesk\Revit 2025\AdskRcManaged.dll [d:\Software\Antigravity\Birooni Tools\Family Loader\2025\FamilyLoader.csproj]
C:\Program Files\dotnet\sdk\9.0.312\Microsoft.Common.CurrentVersion.targets(2433,5): warning MSB3277:           Project file item includes which caused reference "C:\Program Files\Autodesk\Revit 2025\AdskRcManaged.dll". [d:\Software\Antigravity\Birooni Tools\Family Loader\2025\FamilyLoader.csproj]
C:\Program Files\dotnet\sdk\9.0.312\Microsoft.Common.CurrentVersion.targets(2433,5): warning MSB3277:             RevitAPI [d:\Software\Antigravity\Birooni Tools\Family Loader\2025\FamilyLoader.csproj]
C:\Program Files\dotnet\sdk\9.0.312\Microsoft.Common.CurrentVersion.targets(2433,5): warning MSB3277:             RevitAPIUI [d:\Software\Antigravity\Birooni Tools\Family Loader\2025\FamilyLoader.csproj]
C:\Program Files\dotnet\sdk\9.0.312\Microsoft.Common.CurrentVersion.targets(2433,5): warning MSB3277:         C:\Program Files\Autodesk\Revit 2025\RevitAPIFoundation.dll [d:\Software\Antigravity\Birooni Tools\Family Loader\2025\FamilyLoader.csproj]
C:\Program Files\dotnet\sdk\9.0.312\Microsoft.Common.CurrentVersion.targets(2433,5): warning MSB3277:           Project file item includes which caused reference "C:\Program Files\Autodesk\Revit 2025\RevitAPIFoundation.dll". [d:\Software\Antigravity\Birooni Tools\Family Loader\2025\FamilyLoader.csproj]
C:\Program Files\dotnet\sdk\9.0.312\Microsoft.Common.CurrentVersion.targets(2433,5): warning MSB3277:             RevitAPI [d:\Software\Antigravity\Birooni Tools\Family Loader\2025\FamilyLoader.csproj]
C:\Program Files\dotnet\sdk\9.0.312\Microsoft.Common.CurrentVersion.targets(2433,5): warning MSB3277:             RevitAPIUI [d:\Software\Antigravity\Birooni Tools\Family Loader\2025\FamilyLoader.csproj]
C:\Program Files\dotnet\sdk\9.0.312\Microsoft.Common.CurrentVersion.targets(2433,5): warning MSB3277:         C:\Program Files\Autodesk\Revit 2025\RevitDBAPI.dll [d:\Software\Antigravity\Birooni Tools\Family Loader\2025\FamilyLoader.csproj]
C:\Program Files\dotnet\sdk\9.0.312\Microsoft.Common.CurrentVersion.targets(2433,5): warning MSB3277:           Project file item includes which caused reference "C:\Program Files\Autodesk\Revit 2025\RevitDBAPI.dll". [d:\Software\Antigravity\Birooni Tools\Family Loader\2025\FamilyLoader.csproj]
C:\Program Files\dotnet\sdk\9.0.312\Microsoft.Common.CurrentVersion.targets(2433,5): warning MSB3277:             RevitAPI [d:\Software\Antigravity\Birooni Tools\Family Loader\2025\FamilyLoader.csproj]
C:\Program Files\dotnet\sdk\9.0.312\Microsoft.Common.CurrentVersion.targets(2433,5): warning MSB3277:             RevitAPIUI [d:\Software\Antigravity\Birooni Tools\Family Loader\2025\FamilyLoader.csproj]
C:\Program Files\dotnet\sdk\9.0.312\Microsoft.Common.CurrentVersion.targets(2433,5): warning MSB3277:         C:\Program Files\Autodesk\Revit 2025\RevitDBCoreAPI.dll [d:\Software\Antigravity\Birooni Tools\Family Loader\2025\FamilyLoader.csproj]
C:\Program Files\dotnet\sdk\9.0.312\Microsoft.Common.CurrentVersion.targets(2433,5): warning MSB3277:           Project file item includes which caused reference "C:\Program Files\Autodesk\Revit 2025\RevitDBCoreAPI.dll". [d:\Software\Antigravity\Birooni Tools\Family Loader\2025\FamilyLoader.csproj]
C:\Program Files\dotnet\sdk\9.0.312\Microsoft.Common.CurrentVersion.targets(2433,5): warning MSB3277:             RevitAPI [d:\Software\Antigravity\Birooni Tools\Family Loader\2025\FamilyLoader.csproj]
C:\Program Files\dotnet\sdk\9.0.312\Microsoft.Common.CurrentVersion.targets(2433,5): warning MSB3277:             RevitAPIUI [d:\Software\Antigravity\Birooni Tools\Family Loader\2025\FamilyLoader.csproj]
C:\Program Files\dotnet\sdk\9.0.312\Microsoft.Common.CurrentVersion.targets(2433,5): warning MSB3277:         C:\Program Files\Autodesk\Revit 2025\PersistenceDBAPI.dll [d:\Software\Antigravity\Birooni Tools\Family Loader\2025\FamilyLoader.csproj]
C:\Program Files\dotnet\sdk\9.0.312\Microsoft.Common.CurrentVersion.targets(2433,5): warning MSB3277:           Project file item includes which caused reference "C:\Program Files\Autodesk\Revit 2025\PersistenceDBAPI.dll". [d:\Software\Antigravity\Birooni Tools\Family Loader\2025\FamilyLoader.csproj]
C:\Program Files\dotnet\sdk\9.0.312\Microsoft.Common.CurrentVersion.targets(2433,5): warning MSB3277:             RevitAPI [d:\Software\Antigravity\Birooni Tools\Family Loader\2025\FamilyLoader.csproj]
C:\Program Files\dotnet\sdk\9.0.312\Microsoft.Common.CurrentVersion.targets(2433,5): warning MSB3277:             RevitAPIUI [d:\Software\Antigravity\Birooni Tools\Family Loader\2025\FamilyLoader.csproj]
C:\Program Files\dotnet\sdk\9.0.312\Microsoft.Common.CurrentVersion.targets(2433,5): warning MSB3277:         C:\Program Files\Autodesk\Revit 2025\UtilityAPI.dll [d:\Software\Antigravity\Birooni Tools\Family Loader\2025\FamilyLoader.csproj]
C:\Program Files\dotnet\sdk\9.0.312\Microsoft.Common.CurrentVersion.targets(2433,5): warning MSB3277:           Project file item includes which caused reference "C:\Program Files\Autodesk\Revit 2025\UtilityAPI.dll". [d:\Software\Antigravity\Birooni Tools\Family Loader\2025\FamilyLoader.csproj]
C:\Program Files\dotnet\sdk\9.0.312\Microsoft.Common.CurrentVersion.targets(2433,5): warning MSB3277:             RevitAPI [d:\Software\Antigravity\Birooni Tools\Family Loader\2025\FamilyLoader.csproj]
C:\Program Files\dotnet\sdk\9.0.312\Microsoft.Common.CurrentVersion.targets(2433,5): warning MSB3277:             RevitAPIUI [d:\Software\Antigravity\Birooni Tools\Family Loader\2025\FamilyLoader.csproj]
C:\Program Files\dotnet\sdk\9.0.312\Microsoft.Common.CurrentVersion.targets(2433,5): warning MSB3277:         C:\Program Files\Autodesk\Revit 2025\APIDBAPI.dll [d:\Software\Antigravity\Birooni Tools\Family Loader\2025\FamilyLoader.csproj]
C:\Program Files\dotnet\sdk\9.0.312\Microsoft.Common.CurrentVersion.targets(2433,5): warning MSB3277:           Project file item includes which caused reference "C:\Program Files\Autodesk\Revit 2025\APIDBAPI.dll". [d:\Software\Antigravity\Birooni Tools\Family Loader\2025\FamilyLoader.csproj]
C:\Program Files\dotnet\sdk\9.0.312\Microsoft.Common.CurrentVersion.targets(2433,5): warning MSB3277:             RevitAPI [d:\Software\Antigravity\Birooni Tools\Family Loader\2025\FamilyLoader.csproj]
C:\Program Files\dotnet\sdk\9.0.312\Microsoft.Common.CurrentVersion.targets(2433,5): warning MSB3277:             RevitAPIUI [d:\Software\Antigravity\Birooni Tools\Family Loader\2025\FamilyLoader.csproj]
C:\Program Files\dotnet\sdk\9.0.312\Microsoft.Common.CurrentVersion.targets(2433,5): warning MSB3277:         C:\Program Files\Autodesk\Revit 2025\GraphicsAPI.dll [d:\Software\Antigravity\Birooni Tools\Family Loader\2025\FamilyLoader.csproj]
C:\Program Files\dotnet\sdk\9.0.312\Microsoft.Common.CurrentVersion.targets(2433,5): warning MSB3277:           Project file item includes which caused reference "C:\Program Files\Autodesk\Revit 2025\GraphicsAPI.dll". [d:\Software\Antigravity\Birooni Tools\Family Loader\2025\FamilyLoader.csproj]
C:\Program Files\dotnet\sdk\9.0.312\Microsoft.Common.CurrentVersion.targets(2433,5): warning MSB3277:             RevitAPI [d:\Software\Antigravity\Birooni Tools\Family Loader\2025\FamilyLoader.csproj]
C:\Program Files\dotnet\sdk\9.0.312\Microsoft.Common.CurrentVersion.targets(2433,5): warning MSB3277:             RevitAPIUI [d:\Software\Antigravity\Birooni Tools\Family Loader\2025\FamilyLoader.csproj]
C:\Program Files\dotnet\sdk\9.0.312\Microsoft.Common.CurrentVersion.targets(2433,5): warning MSB3277:         C:\Program Files\Autodesk\Revit 2025\ElementGroupDBAPI.dll [d:\Software\Antigravity\Birooni Tools\Family Loader\2025\FamilyLoader.csproj]
C:\Program Files\dotnet\sdk\9.0.312\Microsoft.Common.CurrentVersion.targets(2433,5): warning MSB3277:           Project file item includes which caused reference "C:\Program Files\Autodesk\Revit 2025\ElementGroupDBAPI.dll". [d:\Software\Antigravity\Birooni Tools\Family Loader\2025\FamilyLoader.csproj]
C:\Program Files\dotnet\sdk\9.0.312\Microsoft.Common.CurrentVersion.targets(2433,5): warning MSB3277:             RevitAPI [d:\Software\Antigravity\Birooni Tools\Family Loader\2025\FamilyLoader.csproj]
C:\Program Files\dotnet\sdk\9.0.312\Microsoft.Common.CurrentVersion.targets(2433,5): warning MSB3277:             RevitAPIUI [d:\Software\Antigravity\Birooni Tools\Family Loader\2025\FamilyLoader.csproj]
C:\Program Files\dotnet\sdk\9.0.312\Microsoft.Common.CurrentVersion.targets(2433,5): warning MSB3277:         C:\Program Files\Autodesk\Revit 2025\EssentialsDBAPI.dll [d:\Software\Antigravity\Birooni Tools\Family Loader\2025\FamilyLoader.csproj]
C:\Program Files\dotnet\sdk\9.0.312\Microsoft.Common.CurrentVersion.targets(2433,5): warning MSB3277:           Project file item includes which caused reference "C:\Program Files\Autodesk\Revit 2025\EssentialsDBAPI.dll". [d:\Software\Antigravity\Birooni Tools\Family Loader\2025\FamilyLoader.csproj]
C:\Program Files\dotnet\sdk\9.0.312\Microsoft.Common.CurrentVersion.targets(2433,5): warning MSB3277:             RevitAPI [d:\Software\Antigravity\Birooni Tools\Family Loader\2025\FamilyLoader.csproj]
C:\Program Files\dotnet\sdk\9.0.312\Microsoft.Common.CurrentVersion.targets(2433,5): warning MSB3277:             RevitAPIUI [d:\Software\Antigravity\Birooni Tools\Family Loader\2025\FamilyLoader.csproj]
C:\Program Files\dotnet\sdk\9.0.312\Microsoft.Common.CurrentVersion.targets(2433,5): warning MSB3277:         C:\Program Files\Autodesk\Revit 2025\GeomUtilAPI.dll [d:\Software\Antigravity\Birooni Tools\Family Loader\2025\FamilyLoader.csproj]
C:\Program Files\dotnet\sdk\9.0.312\Microsoft.Common.CurrentVersion.targets(2433,5): warning MSB3277:           Project file item includes which caused reference "C:\Program Files\Autodesk\Revit 2025\GeomUtilAPI.dll". [d:\Software\Antigravity\Birooni Tools\Family Loader\2025\FamilyLoader.csproj]
C:\Program Files\dotnet\sdk\9.0.312\Microsoft.Common.CurrentVersion.targets(2433,5): warning MSB3277:             RevitAPI [d:\Software\Antigravity\Birooni Tools\Family Loader\2025\FamilyLoader.csproj]
C:\Program Files\dotnet\sdk\9.0.312\Microsoft.Common.CurrentVersion.targets(2433,5): warning MSB3277:             RevitAPIUI [d:\Software\Antigravity\Birooni Tools\Family Loader\2025\FamilyLoader.csproj]
C:\Program Files\dotnet\sdk\9.0.312\Microsoft.Common.CurrentVersion.targets(2433,5): warning MSB3277:         C:\Program Files\Autodesk\Revit 2025\FamilyDBAPI.dll [d:\Software\Antigravity\Birooni Tools\Family Loader\2025\FamilyLoader.csproj]
C:\Program Files\dotnet\sdk\9.0.312\Microsoft.Common.CurrentVersion.targets(2433,5): warning MSB3277:           Project file item includes which caused reference "C:\Program Files\Autodesk\Revit 2025\FamilyDBAPI.dll". [d:\Software\Antigravity\Birooni Tools\Family Loader\2025\FamilyLoader.csproj]
C:\Program Files\dotnet\sdk\9.0.312\Microsoft.Common.CurrentVersion.targets(2433,5): warning MSB3277:             RevitAPI [d:\Software\Antigravity\Birooni Tools\Family Loader\2025\FamilyLoader.csproj]
C:\Program Files\dotnet\sdk\9.0.312\Microsoft.Common.CurrentVersion.targets(2433,5): warning MSB3277:             RevitAPIUI [d:\Software\Antigravity\Birooni Tools\Family Loader\2025\FamilyLoader.csproj]
C:\Program Files\dotnet\sdk\9.0.312\Microsoft.Common.CurrentVersion.targets(2433,5): warning MSB3277:         C:\Program Files\Autodesk\Revit 2025\DetailDBAPI.dll [d:\Software\Antigravity\Birooni Tools\Family Loader\2025\FamilyLoader.csproj]
C:\Program Files\dotnet\sdk\9.0.312\Microsoft.Common.CurrentVersion.targets(2433,5): warning MSB3277:           Project file item includes which caused reference "C:\Program Files\Autodesk\Revit 2025\DetailDBAPI.dll". [d:\Software\Antigravity\Birooni Tools\Family Loader\2025\FamilyLoader.csproj]
C:\Program Files\dotnet\sdk\9.0.312\Microsoft.Common.CurrentVersion.targets(2433,5): warning MSB3277:             RevitAPI [d:\Software\Antigravity\Birooni Tools\Family Loader\2025\FamilyLoader.csproj]
C:\Program Files\dotnet\sdk\9.0.312\Microsoft.Common.CurrentVersion.targets(2433,5): warning MSB3277:             RevitAPIUI [d:\Software\Antigravity\Birooni Tools\Family Loader\2025\FamilyLoader.csproj]
C:\Program Files\dotnet\sdk\9.0.312\Microsoft.Common.CurrentVersion.targets(2433,5): warning MSB3277:         C:\Program Files\Autodesk\Revit 2025\CurtainGridFamilyDBAPI.dll [d:\Software\Antigravity\Birooni Tools\Family Loader\2025\FamilyLoader.csproj]
C:\Program Files\dotnet\sdk\9.0.312\Microsoft.Common.CurrentVersion.targets(2433,5): warning MSB3277:           Project file item includes which caused reference "C:\Program Files\Autodesk\Revit 2025\CurtainGridFamilyDBAPI.dll". [d:\Software\Antigravity\Birooni Tools\Family Loader\2025\FamilyLoader.csproj]
C:\Program Files\dotnet\sdk\9.0.312\Microsoft.Common.CurrentVersion.targets(2433,5): warning MSB3277:             RevitAPI [d:\Software\Antigravity\Birooni Tools\Family Loader\2025\FamilyLoader.csproj]
C:\Program Files\dotnet\sdk\9.0.312\Microsoft.Common.CurrentVersion.targets(2433,5): warning MSB3277:             RevitAPIUI [d:\Software\Antigravity\Birooni Tools\Family Loader\2025\FamilyLoader.csproj]
C:\Program Files\dotnet\sdk\9.0.312\Microsoft.Common.CurrentVersion.targets(2433,5): warning MSB3277:         C:\Program Files\Autodesk\Revit 2025\ArrayElemsDBAPI.dll [d:\Software\Antigravity\Birooni Tools\Family Loader\2025\FamilyLoader.csproj]
C:\Program Files\dotnet\sdk\9.0.312\Microsoft.Common.CurrentVersion.targets(2433,5): warning MSB3277:           Project file item includes which caused reference "C:\Program Files\Autodesk\Revit 2025\ArrayElemsDBAPI.dll". [d:\Software\Antigravity\Birooni Tools\Family Loader\2025\FamilyLoader.csproj]
C:\Program Files\dotnet\sdk\9.0.312\Microsoft.Common.CurrentVersion.targets(2433,5): warning MSB3277:             RevitAPI [d:\Software\Antigravity\Birooni Tools\Family Loader\2025\FamilyLoader.csproj]
C:\Program Files\dotnet\sdk\9.0.312\Microsoft.Common.CurrentVersion.targets(2433,5): warning MSB3277:             RevitAPIUI [d:\Software\Antigravity\Birooni Tools\Family Loader\2025\FamilyLoader.csproj]
C:\Program Files\dotnet\sdk\9.0.312\Microsoft.Common.CurrentVersion.targets(2433,5): warning MSB3277:         C:\Program Files\Autodesk\Revit 2025\EnergyAnalysisDBAPI.dll [d:\Software\Antigravity\Birooni Tools\Family Loader\2025\FamilyLoader.csproj]
C:\Program Files\dotnet\sdk\9.0.312\Microsoft.Common.CurrentVersion.targets(2433,5): warning MSB3277:           Project file item includes which caused reference "C:\Program Files\Autodesk\Revit 2025\EnergyAnalysisDBAPI.dll". [d:\Software\Antigravity\Birooni Tools\Family Loader\2025\FamilyLoader.csproj]
C:\Program Files\dotnet\sdk\9.0.312\Microsoft.Common.CurrentVersion.targets(2433,5): warning MSB3277:             RevitAPI [d:\Software\Antigravity\Birooni Tools\Family Loader\2025\FamilyLoader.csproj]
C:\Program Files\dotnet\sdk\9.0.312\Microsoft.Common.CurrentVersion.targets(2433,5): warning MSB3277:             RevitAPIUI [d:\Software\Antigravity\Birooni Tools\Family Loader\2025\FamilyLoader.csproj]
C:\Program Files\dotnet\sdk\9.0.312\Microsoft.Common.CurrentVersion.targets(2433,5): warning MSB3277:         C:\Program Files\Autodesk\Revit 2025\BuildingSystemsDBAPI.dll [d:\Software\Antigravity\Birooni Tools\Family Loader\2025\FamilyLoader.csproj]
C:\Program Files\dotnet\sdk\9.0.312\Microsoft.Common.CurrentVersion.targets(2433,5): warning MSB3277:           Project file item includes which caused reference "C:\Program Files\Autodesk\Revit 2025\BuildingSystemsDBAPI.dll". [d:\Software\Antigravity\Birooni Tools\Family Loader\2025\FamilyLoader.csproj]
C:\Program Files\dotnet\sdk\9.0.312\Microsoft.Common.CurrentVersion.targets(2433,5): warning MSB3277:             RevitAPI [d:\Software\Antigravity\Birooni Tools\Family Loader\2025\FamilyLoader.csproj]
C:\Program Files\dotnet\sdk\9.0.312\Microsoft.Common.CurrentVersion.targets(2433,5): warning MSB3277:             RevitAPIUI [d:\Software\Antigravity\Birooni Tools\Family Loader\2025\FamilyLoader.csproj]
C:\Program Files\dotnet\sdk\9.0.312\Microsoft.Common.CurrentVersion.targets(2433,5): warning MSB3277:         C:\Program Files\Autodesk\Revit 2025\HostObjDBAPI.dll [d:\Software\Antigravity\Birooni Tools\Family Loader\2025\FamilyLoader.csproj]
C:\Program Files\dotnet\sdk\9.0.312\Microsoft.Common.CurrentVersion.targets(2433,5): warning MSB3277:           Project file item includes which caused reference "C:\Program Files\Autodesk\Revit 2025\HostObjDBAPI.dll". [d:\Software\Antigravity\Birooni Tools\Family Loader\2025\FamilyLoader.csproj]
C:\Program Files\dotnet\sdk\9.0.312\Microsoft.Common.CurrentVersion.targets(2433,5): warning MSB3277:             RevitAPI [d:\Software\Antigravity\Birooni Tools\Family Loader\2025\FamilyLoader.csproj]
C:\Program Files\dotnet\sdk\9.0.312\Microsoft.Common.CurrentVersion.targets(2433,5): warning MSB3277:             RevitAPIUI [d:\Software\Antigravity\Birooni Tools\Family Loader\2025\FamilyLoader.csproj]
C:\Program Files\dotnet\sdk\9.0.312\Microsoft.Common.CurrentVersion.targets(2433,5): warning MSB3277:         C:\Program Files\Autodesk\Revit 2025\RoomAreaPlanDBAPI.dll [d:\Software\Antigravity\Birooni Tools\Family Loader\2025\FamilyLoader.csproj]
C:\Program Files\dotnet\sdk\9.0.312\Microsoft.Common.CurrentVersion.targets(2433,5): warning MSB3277:           Project file item includes which caused reference "C:\Program Files\Autodesk\Revit 2025\RoomAreaPlanDBAPI.dll". [d:\Software\Antigravity\Birooni Tools\Family Loader\2025\FamilyLoader.csproj]
C:\Program Files\dotnet\sdk\9.0.312\Microsoft.Common.CurrentVersion.targets(2433,5): warning MSB3277:             RevitAPI [d:\Software\Antigravity\Birooni Tools\Family Loader\2025\FamilyLoader.csproj]
C:\Program Files\dotnet\sdk\9.0.312\Microsoft.Common.CurrentVersion.targets(2433,5): warning MSB3277:             RevitAPIUI [d:\Software\Antigravity\Birooni Tools\Family Loader\2025\FamilyLoader.csproj]
C:\Program Files\dotnet\sdk\9.0.312\Microsoft.Common.CurrentVersion.targets(2433,5): warning MSB3277:         C:\Program Files\Autodesk\Revit 2025\SiteDBAPI.dll [d:\Software\Antigravity\Birooni Tools\Family Loader\2025\FamilyLoader.csproj]
C:\Program Files\dotnet\sdk\9.0.312\Microsoft.Common.CurrentVersion.targets(2433,5): warning MSB3277:           Project file item includes which caused reference "C:\Program Files\Autodesk\Revit 2025\SiteDBAPI.dll". [d:\Software\Antigravity\Birooni Tools\Family Loader\2025\FamilyLoader.csproj]
C:\Program Files\dotnet\sdk\9.0.312\Microsoft.Common.CurrentVersion.targets(2433,5): warning MSB3277:             RevitAPI [d:\Software\Antigravity\Birooni Tools\Family Loader\2025\FamilyLoader.csproj]
C:\Program Files\dotnet\sdk\9.0.312\Microsoft.Common.CurrentVersion.targets(2433,5): warning MSB3277:             RevitAPIUI [d:\Software\Antigravity\Birooni Tools\Family Loader\2025\FamilyLoader.csproj]
C:\Program Files\dotnet\sdk\9.0.312\Microsoft.Common.CurrentVersion.targets(2433,5): warning MSB3277:         C:\Program Files\Autodesk\Revit 2025\SculptingDBAPI.dll [d:\Software\Antigravity\Birooni Tools\Family Loader\2025\FamilyLoader.csproj]
C:\Program Files\dotnet\sdk\9.0.312\Microsoft.Common.CurrentVersion.targets(2433,5): warning MSB3277:           Project file item includes which caused reference "C:\Program Files\Autodesk\Revit 2025\SculptingDBAPI.dll". [d:\Software\Antigravity\Birooni Tools\Family Loader\2025\FamilyLoader.csproj]
C:\Program Files\dotnet\sdk\9.0.312\Microsoft.Common.CurrentVersion.targets(2433,5): warning MSB3277:             RevitAPI [d:\Software\Antigravity\Birooni Tools\Family Loader\2025\FamilyLoader.csproj]
C:\Program Files\dotnet\sdk\9.0.312\Microsoft.Common.CurrentVersion.targets(2433,5): warning MSB3277:             RevitAPIUI [d:\Software\Antigravity\Birooni Tools\Family Loader\2025\FamilyLoader.csproj]
C:\Program Files\dotnet\sdk\9.0.312\Microsoft.Common.CurrentVersion.targets(2433,5): warning MSB3277:         C:\Program Files\Autodesk\Revit 2025\StructuralDBAPI.dll [d:\Software\Antigravity\Birooni Tools\Family Loader\2025\FamilyLoader.csproj]
C:\Program Files\dotnet\sdk\9.0.312\Microsoft.Common.CurrentVersion.targets(2433,5): warning MSB3277:           Project file item includes which caused reference "C:\Program Files\Autodesk\Revit 2025\StructuralDBAPI.dll". [d:\Software\Antigravity\Birooni Tools\Family Loader\2025\FamilyLoader.csproj]
C:\Program Files\dotnet\sdk\9.0.312\Microsoft.Common.CurrentVersion.targets(2433,5): warning MSB3277:             RevitAPI [d:\Software\Antigravity\Birooni Tools\Family Loader\2025\FamilyLoader.csproj]
C:\Program Files\dotnet\sdk\9.0.312\Microsoft.Common.CurrentVersion.targets(2433,5): warning MSB3277:             RevitAPIUI [d:\Software\Antigravity\Birooni Tools\Family Loader\2025\FamilyLoader.csproj]
C:\Program Files\dotnet\sdk\9.0.312\Microsoft.Common.CurrentVersion.targets(2433,5): warning MSB3277:         C:\Program Files\Autodesk\Revit 2025\InterfaceAPI.dll [d:\Software\Antigravity\Birooni Tools\Family Loader\2025\FamilyLoader.csproj]
C:\Program Files\dotnet\sdk\9.0.312\Microsoft.Common.CurrentVersion.targets(2433,5): warning MSB3277:           Project file item includes which caused reference "C:\Program Files\Autodesk\Revit 2025\InterfaceAPI.dll". [d:\Software\Antigravity\Birooni Tools\Family Loader\2025\FamilyLoader.csproj]
C:\Program Files\dotnet\sdk\9.0.312\Microsoft.Common.CurrentVersion.targets(2433,5): warning MSB3277:             RevitAPI [d:\Software\Antigravity\Birooni Tools\Family Loader\2025\FamilyLoader.csproj]
C:\Program Files\dotnet\sdk\9.0.312\Microsoft.Common.CurrentVersion.targets(2433,5): warning MSB3277:             RevitAPIUI [d:\Software\Antigravity\Birooni Tools\Family Loader\2025\FamilyLoader.csproj]
C:\Program Files\dotnet\sdk\9.0.312\Microsoft.Common.CurrentVersion.targets(2433,5): warning MSB3277:         C:\Program Files\Autodesk\Revit 2025\InterfaceUtilAPI.dll [d:\Software\Antigravity\Birooni Tools\Family Loader\2025\FamilyLoader.csproj]
C:\Program Files\dotnet\sdk\9.0.312\Microsoft.Common.CurrentVersion.targets(2433,5): warning MSB3277:           Project file item includes which caused reference "C:\Program Files\Autodesk\Revit 2025\InterfaceUtilAPI.dll". [d:\Software\Antigravity\Birooni Tools\Family Loader\2025\FamilyLoader.csproj]
C:\Program Files\dotnet\sdk\9.0.312\Microsoft.Common.CurrentVersion.targets(2433,5): warning MSB3277:             RevitAPI [d:\Software\Antigravity\Birooni Tools\Family Loader\2025\FamilyLoader.csproj]
C:\Program Files\dotnet\sdk\9.0.312\Microsoft.Common.CurrentVersion.targets(2433,5): warning MSB3277:             RevitAPIUI [d:\Software\Antigravity\Birooni Tools\Family Loader\2025\FamilyLoader.csproj]
C:\Program Files\dotnet\sdk\9.0.312\Microsoft.Common.CurrentVersion.targets(2433,5): warning MSB3277:         C:\Program Files\Autodesk\Revit 2025\RebarDBAPI.dll [d:\Software\Antigravity\Birooni Tools\Family Loader\2025\FamilyLoader.csproj]
C:\Program Files\dotnet\sdk\9.0.312\Microsoft.Common.CurrentVersion.targets(2433,5): warning MSB3277:           Project file item includes which caused reference "C:\Program Files\Autodesk\Revit 2025\RebarDBAPI.dll". [d:\Software\Antigravity\Birooni Tools\Family Loader\2025\FamilyLoader.csproj]
C:\Program Files\dotnet\sdk\9.0.312\Microsoft.Common.CurrentVersion.targets(2433,5): warning MSB3277:             RevitAPI [d:\Software\Antigravity\Birooni Tools\Family Loader\2025\FamilyLoader.csproj]
C:\Program Files\dotnet\sdk\9.0.312\Microsoft.Common.CurrentVersion.targets(2433,5): warning MSB3277:             RevitAPIUI [d:\Software\Antigravity\Birooni Tools\Family Loader\2025\FamilyLoader.csproj]
C:\Program Files\dotnet\sdk\9.0.312\Microsoft.Common.CurrentVersion.targets(2433,5): warning MSB3277:         C:\Program Files\Autodesk\Revit 2025\StructuralAnalysisDBAPI.dll [d:\Software\Antigravity\Birooni Tools\Family Loader\2025\FamilyLoader.csproj]
C:\Program Files\dotnet\sdk\9.0.312\Microsoft.Common.CurrentVersion.targets(2433,5): warning MSB3277:           Project file item includes which caused reference "C:\Program Files\Autodesk\Revit 2025\StructuralAnalysisDBAPI.dll". [d:\Software\Antigravity\Birooni Tools\Family Loader\2025\FamilyLoader.csproj]
C:\Program Files\dotnet\sdk\9.0.312\Microsoft.Common.CurrentVersion.targets(2433,5): warning MSB3277:             RevitAPI [d:\Software\Antigravity\Birooni Tools\Family Loader\2025\FamilyLoader.csproj]
C:\Program Files\dotnet\sdk\9.0.312\Microsoft.Common.CurrentVersion.targets(2433,5): warning MSB3277:             RevitAPIUI [d:\Software\Antigravity\Birooni Tools\Family Loader\2025\FamilyLoader.csproj]
C:\Program Files\dotnet\sdk\9.0.312\Microsoft.Common.CurrentVersion.targets(2433,5): warning MSB3277:         C:\Program Files\Autodesk\Revit 2025\MassingDBAPI.dll [d:\Software\Antigravity\Birooni Tools\Family Loader\2025\FamilyLoader.csproj]
C:\Program Files\dotnet\sdk\9.0.312\Microsoft.Common.CurrentVersion.targets(2433,5): warning MSB3277:           Project file item includes which caused reference "C:\Program Files\Autodesk\Revit 2025\MassingDBAPI.dll". [d:\Software\Antigravity\Birooni Tools\Family Loader\2025\FamilyLoader.csproj]
C:\Program Files\dotnet\sdk\9.0.312\Microsoft.Common.CurrentVersion.targets(2433,5): warning MSB3277:             RevitAPI [d:\Software\Antigravity\Birooni Tools\Family Loader\2025\FamilyLoader.csproj]
C:\Program Files\dotnet\sdk\9.0.312\Microsoft.Common.CurrentVersion.targets(2433,5): warning MSB3277:             RevitAPIUI [d:\Software\Antigravity\Birooni Tools\Family Loader\2025\FamilyLoader.csproj]
C:\Program Files\dotnet\sdk\9.0.312\Microsoft.Common.CurrentVersion.targets(2433,5): warning MSB3277:         C:\Program Files\Autodesk\Revit 2025\AssemblyDBAPI.dll [d:\Software\Antigravity\Birooni Tools\Family Loader\2025\FamilyLoader.csproj]
C:\Program Files\dotnet\sdk\9.0.312\Microsoft.Common.CurrentVersion.targets(2433,5): warning MSB3277:           Project file item includes which caused reference "C:\Program Files\Autodesk\Revit 2025\AssemblyDBAPI.dll". [d:\Software\Antigravity\Birooni Tools\Family Loader\2025\FamilyLoader.csproj]
C:\Program Files\dotnet\sdk\9.0.312\Microsoft.Common.CurrentVersion.targets(2433,5): warning MSB3277:             RevitAPI [d:\Software\Antigravity\Birooni Tools\Family Loader\2025\FamilyLoader.csproj]
C:\Program Files\dotnet\sdk\9.0.312\Microsoft.Common.CurrentVersion.targets(2433,5): warning MSB3277:             RevitAPIUI [d:\Software\Antigravity\Birooni Tools\Family Loader\2025\FamilyLoader.csproj]
C:\Program Files\dotnet\sdk\9.0.312\Microsoft.Common.CurrentVersion.targets(2433,5): warning MSB3277:         C:\Program Files\Autodesk\Revit 2025\DPartDBAPI.dll [d:\Software\Antigravity\Birooni Tools\Family Loader\2025\FamilyLoader.csproj]
C:\Program Files\dotnet\sdk\9.0.312\Microsoft.Common.CurrentVersion.targets(2433,5): warning MSB3277:           Project file item includes which caused reference "C:\Program Files\Autodesk\Revit 2025\DPartDBAPI.dll". [d:\Software\Antigravity\Birooni Tools\Family Loader\2025\FamilyLoader.csproj]
C:\Program Files\dotnet\sdk\9.0.312\Microsoft.Common.CurrentVersion.targets(2433,5): warning MSB3277:             RevitAPI [d:\Software\Antigravity\Birooni Tools\Family Loader\2025\FamilyLoader.csproj]
C:\Program Files\dotnet\sdk\9.0.312\Microsoft.Common.CurrentVersion.targets(2433,5): warning MSB3277:             RevitAPIUI [d:\Software\Antigravity\Birooni Tools\Family Loader\2025\FamilyLoader.csproj]
C:\Program Files\dotnet\sdk\9.0.312\Microsoft.Common.CurrentVersion.targets(2433,5): warning MSB3277:         C:\Program Files\Autodesk\Revit 2025\NumberingDBAPI.dll [d:\Software\Antigravity\Birooni Tools\Family Loader\2025\FamilyLoader.csproj]
C:\Program Files\dotnet\sdk\9.0.312\Microsoft.Common.CurrentVersion.targets(2433,5): warning MSB3277:           Project file item includes which caused reference "C:\Program Files\Autodesk\Revit 2025\NumberingDBAPI.dll". [d:\Software\Antigravity\Birooni Tools\Family Loader\2025\FamilyLoader.csproj]
C:\Program Files\dotnet\sdk\9.0.312\Microsoft.Common.CurrentVersion.targets(2433,5): warning MSB3277:             RevitAPI [d:\Software\Antigravity\Birooni Tools\Family Loader\2025\FamilyLoader.csproj]
C:\Program Files\dotnet\sdk\9.0.312\Microsoft.Common.CurrentVersion.targets(2433,5): warning MSB3277:             RevitAPIUI [d:\Software\Antigravity\Birooni Tools\Family Loader\2025\FamilyLoader.csproj]
C:\Program Files\dotnet\sdk\9.0.312\Microsoft.Common.CurrentVersion.targets(2433,5): warning MSB3277:         C:\Program Files\Autodesk\Revit 2025\PointCloudAccessAPI.dll [d:\Software\Antigravity\Birooni Tools\Family Loader\2025\FamilyLoader.csproj]
C:\Program Files\dotnet\sdk\9.0.312\Microsoft.Common.CurrentVersion.targets(2433,5): warning MSB3277:           Project file item includes which caused reference "C:\Program Files\Autodesk\Revit 2025\PointCloudAccessAPI.dll". [d:\Software\Antigravity\Birooni Tools\Family Loader\2025\FamilyLoader.csproj]
C:\Program Files\dotnet\sdk\9.0.312\Microsoft.Common.CurrentVersion.targets(2433,5): warning MSB3277:             RevitAPI [d:\Software\Antigravity\Birooni Tools\Family Loader\2025\FamilyLoader.csproj]
C:\Program Files\dotnet\sdk\9.0.312\Microsoft.Common.CurrentVersion.targets(2433,5): warning MSB3277:             RevitAPIUI [d:\Software\Antigravity\Birooni Tools\Family Loader\2025\FamilyLoader.csproj]
C:\Program Files\dotnet\sdk\9.0.312\Microsoft.Common.CurrentVersion.targets(2433,5): warning MSB3277:         C:\Program Files\Autodesk\Revit 2025\StairRampDBAPI.dll [d:\Software\Antigravity\Birooni Tools\Family Loader\2025\FamilyLoader.csproj]
C:\Program Files\dotnet\sdk\9.0.312\Microsoft.Common.CurrentVersion.targets(2433,5): warning MSB3277:           Project file item includes which caused reference "C:\Program Files\Autodesk\Revit 2025\StairRampDBAPI.dll". [d:\Software\Antigravity\Birooni Tools\Family Loader\2025\FamilyLoader.csproj]
C:\Program Files\dotnet\sdk\9.0.312\Microsoft.Common.CurrentVersion.targets(2433,5): warning MSB3277:             RevitAPI [d:\Software\Antigravity\Birooni Tools\Family Loader\2025\FamilyLoader.csproj]
C:\Program Files\dotnet\sdk\9.0.312\Microsoft.Common.CurrentVersion.targets(2433,5): warning MSB3277:             RevitAPIUI [d:\Software\Antigravity\Birooni Tools\Family Loader\2025\FamilyLoader.csproj]
C:\Program Files\dotnet\sdk\9.0.312\Microsoft.Common.CurrentVersion.targets(2433,5): warning MSB3277:         C:\Program Files\Autodesk\Revit 2025\AnalysisAppsDBAPI.dll [d:\Software\Antigravity\Birooni Tools\Family Loader\2025\FamilyLoader.csproj]
C:\Program Files\dotnet\sdk\9.0.312\Microsoft.Common.CurrentVersion.targets(2433,5): warning MSB3277:           Project file item includes which caused reference "C:\Program Files\Autodesk\Revit 2025\AnalysisAppsDBAPI.dll". [d:\Software\Antigravity\Birooni Tools\Family Loader\2025\FamilyLoader.csproj]
C:\Program Files\dotnet\sdk\9.0.312\Microsoft.Common.CurrentVersion.targets(2433,5): warning MSB3277:             RevitAPI [d:\Software\Antigravity\Birooni Tools\Family Loader\2025\FamilyLoader.csproj]
C:\Program Files\dotnet\sdk\9.0.312\Microsoft.Common.CurrentVersion.targets(2433,5): warning MSB3277:             RevitAPIUI [d:\Software\Antigravity\Birooni Tools\Family Loader\2025\FamilyLoader.csproj]
C:\Program Files\dotnet\sdk\9.0.312\Microsoft.Common.CurrentVersion.targets(2433,5): warning MSB3277:         C:\Program Files\Autodesk\Revit 2025\MaterialDBAPI.dll [d:\Software\Antigravity\Birooni Tools\Family Loader\2025\FamilyLoader.csproj]
C:\Program Files\dotnet\sdk\9.0.312\Microsoft.Common.CurrentVersion.targets(2433,5): warning MSB3277:           Project file item includes which caused reference "C:\Program Files\Autodesk\Revit 2025\MaterialDBAPI.dll". [d:\Software\Antigravity\Birooni Tools\Family Loader\2025\FamilyLoader.csproj]
C:\Program Files\dotnet\sdk\9.0.312\Microsoft.Common.CurrentVersion.targets(2433,5): warning MSB3277:             RevitAPI [d:\Software\Antigravity\Birooni Tools\Family Loader\2025\FamilyLoader.csproj]
C:\Program Files\dotnet\sdk\9.0.312\Microsoft.Common.CurrentVersion.targets(2433,5): warning MSB3277:             RevitAPIUI [d:\Software\Antigravity\Birooni Tools\Family Loader\2025\FamilyLoader.csproj]
C:\Program Files\dotnet\sdk\9.0.312\Microsoft.Common.CurrentVersion.targets(2433,5): warning MSB3277:         C:\Program Files\Autodesk\Revit 2025\IntfATFAPI.dll [d:\Software\Antigravity\Birooni Tools\Family Loader\2025\FamilyLoader.csproj]
C:\Program Files\dotnet\sdk\9.0.312\Microsoft.Common.CurrentVersion.targets(2433,5): warning MSB3277:           Project file item includes which caused reference "C:\Program Files\Autodesk\Revit 2025\IntfATFAPI.dll". [d:\Software\Antigravity\Birooni Tools\Family Loader\2025\FamilyLoader.csproj]
C:\Program Files\dotnet\sdk\9.0.312\Microsoft.Common.CurrentVersion.targets(2433,5): warning MSB3277:             RevitAPI [d:\Software\Antigravity\Birooni Tools\Family Loader\2025\FamilyLoader.csproj]
C:\Program Files\dotnet\sdk\9.0.312\Microsoft.Common.CurrentVersion.targets(2433,5): warning MSB3277:             RevitAPIUI [d:\Software\Antigravity\Birooni Tools\Family Loader\2025\FamilyLoader.csproj]
C:\Program Files\dotnet\sdk\9.0.312\Microsoft.Common.CurrentVersion.targets(2433,5): warning MSB3277:         C:\Program Files\Autodesk\Revit 2025\TextEngineAPI.dll [d:\Software\Antigravity\Birooni Tools\Family Loader\2025\FamilyLoader.csproj]
C:\Program Files\dotnet\sdk\9.0.312\Microsoft.Common.CurrentVersion.targets(2433,5): warning MSB3277:           Project file item includes which caused reference "C:\Program Files\Autodesk\Revit 2025\TextEngineAPI.dll". [d:\Software\Antigravity\Birooni Tools\Family Loader\2025\FamilyLoader.csproj]
C:\Program Files\dotnet\sdk\9.0.312\Microsoft.Common.CurrentVersion.targets(2433,5): warning MSB3277:             RevitAPI [d:\Software\Antigravity\Birooni Tools\Family Loader\2025\FamilyLoader.csproj]
C:\Program Files\dotnet\sdk\9.0.312\Microsoft.Common.CurrentVersion.targets(2433,5): warning MSB3277:             RevitAPIUI [d:\Software\Antigravity\Birooni Tools\Family Loader\2025\FamilyLoader.csproj]
C:\Program Files\dotnet\sdk\9.0.312\Microsoft.Common.CurrentVersion.targets(2433,5): warning MSB3277:         C:\Program Files\Autodesk\Revit 2025\InfrastructureDBAPI.dll [d:\Software\Antigravity\Birooni Tools\Family Loader\2025\FamilyLoader.csproj]
C:\Program Files\dotnet\sdk\9.0.312\Microsoft.Common.CurrentVersion.targets(2433,5): warning MSB3277:           Project file item includes which caused reference "C:\Program Files\Autodesk\Revit 2025\InfrastructureDBAPI.dll". [d:\Software\Antigravity\Birooni Tools\Family Loader\2025\FamilyLoader.csproj]
C:\Program Files\dotnet\sdk\9.0.312\Microsoft.Common.CurrentVersion.targets(2433,5): warning MSB3277:             RevitAPI [d:\Software\Antigravity\Birooni Tools\Family Loader\2025\FamilyLoader.csproj]
C:\Program Files\dotnet\sdk\9.0.312\Microsoft.Common.CurrentVersion.targets(2433,5): warning MSB3277:             RevitAPIUI [d:\Software\Antigravity\Birooni Tools\Family Loader\2025\FamilyLoader.csproj]
C:\Program Files\dotnet\sdk\9.0.312\Microsoft.Common.CurrentVersion.targets(2433,5): warning MSB3277:         C:\Program Files\Autodesk\Revit 2025\ATFRevitCoreAPI.dll [d:\Software\Antigravity\Birooni Tools\Family Loader\2025\FamilyLoader.csproj]
C:\Program Files\dotnet\sdk\9.0.312\Microsoft.Common.CurrentVersion.targets(2433,5): warning MSB3277:           Project file item includes which caused reference "C:\Program Files\Autodesk\Revit 2025\ATFRevitCoreAPI.dll". [d:\Software\Antigravity\Birooni Tools\Family Loader\2025\FamilyLoader.csproj]
C:\Program Files\dotnet\sdk\9.0.312\Microsoft.Common.CurrentVersion.targets(2433,5): warning MSB3277:             RevitAPI [d:\Software\Antigravity\Birooni Tools\Family Loader\2025\FamilyLoader.csproj]
C:\Program Files\dotnet\sdk\9.0.312\Microsoft.Common.CurrentVersion.targets(2433,5): warning MSB3277:             RevitAPIUI [d:\Software\Antigravity\Birooni Tools\Family Loader\2025\FamilyLoader.csproj]
C:\Program Files\dotnet\sdk\9.0.312\Microsoft.Common.CurrentVersion.targets(2433,5): warning MSB3277:         C:\Program Files\Autodesk\Revit 2025\DBManagedServices.dll [d:\Software\Antigravity\Birooni Tools\Family Loader\2025\FamilyLoader.csproj]
C:\Program Files\dotnet\sdk\9.0.312\Microsoft.Common.CurrentVersion.targets(2433,5): warning MSB3277:           Project file item includes which caused reference "C:\Program Files\Autodesk\Revit 2025\DBManagedServices.dll". [d:\Software\Antigravity\Birooni Tools\Family Loader\2025\FamilyLoader.csproj]
C:\Program Files\dotnet\sdk\9.0.312\Microsoft.Common.CurrentVersion.targets(2433,5): warning MSB3277:             RevitAPI [d:\Software\Antigravity\Birooni Tools\Family Loader\2025\FamilyLoader.csproj]
C:\Program Files\dotnet\sdk\9.0.312\Microsoft.Common.CurrentVersion.targets(2433,5): warning MSB3277:             RevitAPIUI [d:\Software\Antigravity\Birooni Tools\Family Loader\2025\FamilyLoader.csproj]
C:\Program Files\dotnet\sdk\9.0.312\Microsoft.Common.CurrentVersion.targets(2433,5): warning MSB3277:         C:\Program Files\Autodesk\Revit 2025\APIInterop.dll [d:\Software\Antigravity\Birooni Tools\Family Loader\2025\FamilyLoader.csproj]
C:\Program Files\dotnet\sdk\9.0.312\Microsoft.Common.CurrentVersion.targets(2433,5): warning MSB3277:           Project file item includes which caused reference "C:\Program Files\Autodesk\Revit 2025\APIInterop.dll". [d:\Software\Antigravity\Birooni Tools\Family Loader\2025\FamilyLoader.csproj]
C:\Program Files\dotnet\sdk\9.0.312\Microsoft.Common.CurrentVersion.targets(2433,5): warning MSB3277:             RevitAPIUI [d:\Software\Antigravity\Birooni Tools\Family Loader\2025\FamilyLoader.csproj]
C:\Program Files\dotnet\sdk\9.0.312\Microsoft.Common.CurrentVersion.targets(2433,5): warning MSB3277:         C:\Program Files\Autodesk\Revit 2025\AddInManager.dll [d:\Software\Antigravity\Birooni Tools\Family Loader\2025\FamilyLoader.csproj]
C:\Program Files\dotnet\sdk\9.0.312\Microsoft.Common.CurrentVersion.targets(2433,5): warning MSB3277:           Project file item includes which caused reference "C:\Program Files\Autodesk\Revit 2025\AddInManager.dll". [d:\Software\Antigravity\Birooni Tools\Family Loader\2025\FamilyLoader.csproj]
C:\Program Files\dotnet\sdk\9.0.312\Microsoft.Common.CurrentVersion.targets(2433,5): warning MSB3277:             RevitAPIUI [d:\Software\Antigravity\Birooni Tools\Family Loader\2025\FamilyLoader.csproj]
C:\Program Files\dotnet\sdk\9.0.312\Microsoft.Common.CurrentVersion.targets(2433,5): warning MSB3277:         C:\Program Files\Autodesk\Revit 2025\RevitUIAPI.dll [d:\Software\Antigravity\Birooni Tools\Family Loader\2025\FamilyLoader.csproj]
C:\Program Files\dotnet\sdk\9.0.312\Microsoft.Common.CurrentVersion.targets(2433,5): warning MSB3277:           Project file item includes which caused reference "C:\Program Files\Autodesk\Revit 2025\RevitUIAPI.dll". [d:\Software\Antigravity\Birooni Tools\Family Loader\2025\FamilyLoader.csproj]
C:\Program Files\dotnet\sdk\9.0.312\Microsoft.Common.CurrentVersion.targets(2433,5): warning MSB3277:             RevitAPIUI [d:\Software\Antigravity\Birooni Tools\Family Loader\2025\FamilyLoader.csproj]
C:\Program Files\dotnet\sdk\9.0.312\Microsoft.Common.CurrentVersion.targets(2433,5): warning MSB3277:         C:\Program Files\Autodesk\Revit 2025\BuildingSystemsUIAPI.dll [d:\Software\Antigravity\Birooni Tools\Family Loader\2025\FamilyLoader.csproj]
C:\Program Files\dotnet\sdk\9.0.312\Microsoft.Common.CurrentVersion.targets(2433,5): warning MSB3277:           Project file item includes which caused reference "C:\Program Files\Autodesk\Revit 2025\BuildingSystemsUIAPI.dll". [d:\Software\Antigravity\Birooni Tools\Family Loader\2025\FamilyLoader.csproj]
C:\Program Files\dotnet\sdk\9.0.312\Microsoft.Common.CurrentVersion.targets(2433,5): warning MSB3277:             RevitAPIUI [d:\Software\Antigravity\Birooni Tools\Family Loader\2025\FamilyLoader.csproj]
C:\Program Files\dotnet\sdk\9.0.312\Microsoft.Common.CurrentVersion.targets(2433,5): warning MSB3277:         C:\Program Files\Autodesk\Revit 2025\DesktopMFCAPI.dll [d:\Software\Antigravity\Birooni Tools\Family Loader\2025\FamilyLoader.csproj]
C:\Program Files\dotnet\sdk\9.0.312\Microsoft.Common.CurrentVersion.targets(2433,5): warning MSB3277:           Project file item includes which caused reference "C:\Program Files\Autodesk\Revit 2025\DesktopMFCAPI.dll". [d:\Software\Antigravity\Birooni Tools\Family Loader\2025\FamilyLoader.csproj]
C:\Program Files\dotnet\sdk\9.0.312\Microsoft.Common.CurrentVersion.targets(2433,5): warning MSB3277:             RevitAPIUI [d:\Software\Antigravity\Birooni Tools\Family Loader\2025\FamilyLoader.csproj]
C:\Program Files\dotnet\sdk\9.0.312\Microsoft.Common.CurrentVersion.targets(2433,5): warning MSB3277:         C:\Program Files\Autodesk\Revit 2025\APIUIAPI.dll [d:\Software\Antigravity\Birooni Tools\Family Loader\2025\FamilyLoader.csproj]
C:\Program Files\dotnet\sdk\9.0.312\Microsoft.Common.CurrentVersion.targets(2433,5): warning MSB3277:           Project file item includes which caused reference "C:\Program Files\Autodesk\Revit 2025\APIUIAPI.dll". [d:\Software\Antigravity\Birooni Tools\Family Loader\2025\FamilyLoader.csproj]
C:\Program Files\dotnet\sdk\9.0.312\Microsoft.Common.CurrentVersion.targets(2433,5): warning MSB3277:             RevitAPIUI [d:\Software\Antigravity\Birooni Tools\Family Loader\2025\FamilyLoader.csproj]
C:\Program Files\dotnet\sdk\9.0.312\Microsoft.Common.CurrentVersion.targets(2433,5): warning MSB3277:         C:\Program Files\Autodesk\Revit 2025\RevitMFCAPI.dll [d:\Software\Antigravity\Birooni Tools\Family Loader\2025\FamilyLoader.csproj]
C:\Program Files\dotnet\sdk\9.0.312\Microsoft.Common.CurrentVersion.targets(2433,5): warning MSB3277:           Project file item includes which caused reference "C:\Program Files\Autodesk\Revit 2025\RevitMFCAPI.dll". [d:\Software\Antigravity\Birooni Tools\Family Loader\2025\FamilyLoader.csproj]
C:\Program Files\dotnet\sdk\9.0.312\Microsoft.Common.CurrentVersion.targets(2433,5): warning MSB3277:             RevitAPIUI [d:\Software\Antigravity\Birooni Tools\Family Loader\2025\FamilyLoader.csproj]
C:\Program Files\dotnet\sdk\9.0.312\Microsoft.Common.CurrentVersion.targets(2433,5): warning MSB3277:         C:\Program Files\Autodesk\Revit 2025\EssentialsUIAPI.dll [d:\Software\Antigravity\Birooni Tools\Family Loader\2025\FamilyLoader.csproj]
C:\Program Files\dotnet\sdk\9.0.312\Microsoft.Common.CurrentVersion.targets(2433,5): warning MSB3277:           Project file item includes which caused reference "C:\Program Files\Autodesk\Revit 2025\EssentialsUIAPI.dll". [d:\Software\Antigravity\Birooni Tools\Family Loader\2025\FamilyLoader.csproj]
C:\Program Files\dotnet\sdk\9.0.312\Microsoft.Common.CurrentVersion.targets(2433,5): warning MSB3277:             RevitAPIUI [d:\Software\Antigravity\Birooni Tools\Family Loader\2025\FamilyLoader.csproj]
C:\Program Files\dotnet\sdk\9.0.312\Microsoft.Common.CurrentVersion.targets(2433,5): warning MSB3277:         C:\Program Files\Autodesk\Revit 2025\DetailUIAPI.dll [d:\Software\Antigravity\Birooni Tools\Family Loader\2025\FamilyLoader.csproj]
C:\Program Files\dotnet\sdk\9.0.312\Microsoft.Common.CurrentVersion.targets(2433,5): warning MSB3277:           Project file item includes which caused reference "C:\Program Files\Autodesk\Revit 2025\DetailUIAPI.dll". [d:\Software\Antigravity\Birooni Tools\Family Loader\2025\FamilyLoader.csproj]
C:\Program Files\dotnet\sdk\9.0.312\Microsoft.Common.CurrentVersion.targets(2433,5): warning MSB3277:             RevitAPIUI [d:\Software\Antigravity\Birooni Tools\Family Loader\2025\FamilyLoader.csproj]
C:\Program Files\dotnet\sdk\9.0.312\Microsoft.Common.CurrentVersion.targets(2433,5): warning MSB3277:         C:\Program Files\Autodesk\Revit 2025\UIFrameworkServices.dll [d:\Software\Antigravity\Birooni Tools\Family Loader\2025\FamilyLoader.csproj]
C:\Program Files\dotnet\sdk\9.0.312\Microsoft.Common.CurrentVersion.targets(2433,5): warning MSB3277:           Project file item includes which caused reference "C:\Program Files\Autodesk\Revit 2025\UIFrameworkServices.dll". [d:\Software\Antigravity\Birooni Tools\Family Loader\2025\FamilyLoader.csproj]
C:\Program Files\dotnet\sdk\9.0.312\Microsoft.Common.CurrentVersion.targets(2433,5): warning MSB3277:             RevitAPIUI [d:\Software\Antigravity\Birooni Tools\Family Loader\2025\FamilyLoader.csproj]
C:\Program Files\dotnet\sdk\9.0.312\Microsoft.Common.CurrentVersion.targets(2433,5): warning MSB3277:         C:\Program Files\Autodesk\Revit 2025\SSONET.dll [d:\Software\Antigravity\Birooni Tools\Family Loader\2025\FamilyLoader.csproj]
C:\Program Files\dotnet\sdk\9.0.312\Microsoft.Common.CurrentVersion.targets(2433,5): warning MSB3277:           Project file item includes which caused reference "C:\Program Files\Autodesk\Revit 2025\SSONET.dll". [d:\Software\Antigravity\Birooni Tools\Family Loader\2025\FamilyLoader.csproj]
C:\Program Files\dotnet\sdk\9.0.312\Microsoft.Common.CurrentVersion.targets(2433,5): warning MSB3277:             RevitAPIUI [d:\Software\Antigravity\Birooni Tools\Family Loader\2025\FamilyLoader.csproj]
C:\Program Files\dotnet\sdk\9.0.312\Microsoft.Common.CurrentVersion.targets(2433,5): warning MSB3277:         C:\Program Files\Autodesk\Revit 2025\CefSharp.Core.Runtime.dll [d:\Software\Antigravity\Birooni Tools\Family Loader\2025\FamilyLoader.csproj]
C:\Program Files\dotnet\sdk\9.0.312\Microsoft.Common.CurrentVersion.targets(2433,5): warning MSB3277:           Project file item includes which caused reference "C:\Program Files\Autodesk\Revit 2025\CefSharp.Core.Runtime.dll". [d:\Software\Antigravity\Birooni Tools\Family Loader\2025\FamilyLoader.csproj]
C:\Program Files\dotnet\sdk\9.0.312\Microsoft.Common.CurrentVersion.targets(2433,5): warning MSB3277:             RevitAPIUI [d:\Software\Antigravity\Birooni Tools\Family Loader\2025\FamilyLoader.csproj]
C:\Program Files\dotnet\sdk\9.0.312\Microsoft.Common.CurrentVersion.targets(2433,5): warning MSB3277: Found conflicts between different versions of "System.Drawing" that could not be resolved. [d:\Software\Antigravity\Birooni Tools\Family Loader\2025\FamilyLoader.csproj]
C:\Program Files\dotnet\sdk\9.0.312\Microsoft.Common.CurrentVersion.targets(2433,5): warning MSB3277: There was a conflict between "System.Drawing, Version=4.0.0.0, Culture=neutral, PublicKeyToken=b03f5f7f11d50a3a" and "System.Drawing, Version=8.0.0.0, Culture=neutral, PublicKeyToken=b03f5f7f11d50a3a". [d:\Software\Antigravity\Birooni Tools\Family Loader\2025\FamilyLoader.csproj]
C:\Program Files\dotnet\sdk\9.0.312\Microsoft.Common.CurrentVersion.targets(2433,5): warning MSB3277:     "System.Drawing, Version=4.0.0.0, Culture=neutral, PublicKeyToken=b03f5f7f11d50a3a" was chosen because it was primary and "System.Drawing, Version=8.0.0.0, Culture=neutral, PublicKeyToken=b03f5f7f11d50a3a" was not. [d:\Software\Antigravity\Birooni Tools\Family Loader\2025\FamilyLoader.csproj]
C:\Program Files\dotnet\sdk\9.0.312\Microsoft.Common.CurrentVersion.targets(2433,5): warning MSB3277:     References which depend on "System.Drawing, Version=4.0.0.0, Culture=neutral, PublicKeyToken=b03f5f7f11d50a3a" [C:\Program Files\dotnet\packs\Microsoft.NETCore.App.Ref\8.0.25\ref\net8.0\System.Drawing.dll]. [d:\Software\Antigravity\Birooni Tools\Family Loader\2025\FamilyLoader.csproj]
C:\Program Files\dotnet\sdk\9.0.312\Microsoft.Common.CurrentVersion.targets(2433,5): warning MSB3277:         C:\Program Files\dotnet\packs\Microsoft.NETCore.App.Ref\8.0.25\ref\net8.0\System.Drawing.dll [d:\Software\Antigravity\Birooni Tools\Family Loader\2025\FamilyLoader.csproj]
C:\Program Files\dotnet\sdk\9.0.312\Microsoft.Common.CurrentVersion.targets(2433,5): warning MSB3277:           Project file item includes which caused reference "C:\Program Files\dotnet\packs\Microsoft.NETCore.App.Ref\8.0.25\ref\net8.0\System.Drawing.dll". [d:\Software\Antigravity\Birooni Tools\Family Loader\2025\FamilyLoader.csproj]
C:\Program Files\dotnet\sdk\9.0.312\Microsoft.Common.CurrentVersion.targets(2433,5): warning MSB3277:             C:\Program Files\dotnet\packs\Microsoft.NETCore.App.Ref\8.0.25\ref/net8.0/System.Drawing.dll [d:\Software\Antigravity\Birooni Tools\Family Loader\2025\FamilyLoader.csproj]
C:\Program Files\dotnet\sdk\9.0.312\Microsoft.Common.CurrentVersion.targets(2433,5): warning MSB3277:     References which depend on or have been unified to "System.Drawing, Version=8.0.0.0, Culture=neutral, PublicKeyToken=b03f5f7f11d50a3a" []. [d:\Software\Antigravity\Birooni Tools\Family Loader\2025\FamilyLoader.csproj]
C:\Program Files\dotnet\sdk\9.0.312\Microsoft.Common.CurrentVersion.targets(2433,5): warning MSB3277:         C:\Program Files\Autodesk\Revit 2025\RevitAPI.dll [d:\Software\Antigravity\Birooni Tools\Family Loader\2025\FamilyLoader.csproj]
C:\Program Files\dotnet\sdk\9.0.312\Microsoft.Common.CurrentVersion.targets(2433,5): warning MSB3277:           Project file item includes which caused reference "C:\Program Files\Autodesk\Revit 2025\RevitAPI.dll". [d:\Software\Antigravity\Birooni Tools\Family Loader\2025\FamilyLoader.csproj]
C:\Program Files\dotnet\sdk\9.0.312\Microsoft.Common.CurrentVersion.targets(2433,5): warning MSB3277:             RevitAPI [d:\Software\Antigravity\Birooni Tools\Family Loader\2025\FamilyLoader.csproj]
C:\Program Files\dotnet\sdk\9.0.312\Microsoft.Common.CurrentVersion.targets(2433,5): warning MSB3277:             RevitAPIUI [d:\Software\Antigravity\Birooni Tools\Family Loader\2025\FamilyLoader.csproj]
C:\Program Files\dotnet\sdk\9.0.312\Microsoft.Common.CurrentVersion.targets(2433,5): warning MSB3277:         C:\Program Files\Autodesk\Revit 2025\RevitAPIUI.dll [d:\Software\Antigravity\Birooni Tools\Family Loader\2025\FamilyLoader.csproj]
C:\Program Files\dotnet\sdk\9.0.312\Microsoft.Common.CurrentVersion.targets(2433,5): warning MSB3277:           Project file item includes which caused reference "C:\Program Files\Autodesk\Revit 2025\RevitAPIUI.dll". [d:\Software\Antigravity\Birooni Tools\Family Loader\2025\FamilyLoader.csproj]
C:\Program Files\dotnet\sdk\9.0.312\Microsoft.Common.CurrentVersion.targets(2433,5): warning MSB3277:             RevitAPIUI [d:\Software\Antigravity\Birooni Tools\Family Loader\2025\FamilyLoader.csproj]
C:\Program Files\dotnet\sdk\9.0.312\Microsoft.Common.CurrentVersion.targets(2433,5): warning MSB3277:         C:\Program Files\Autodesk\Revit 2025\AdskRcManaged.dll [d:\Software\Antigravity\Birooni Tools\Family Loader\2025\FamilyLoader.csproj]
C:\Program Files\dotnet\sdk\9.0.312\Microsoft.Common.CurrentVersion.targets(2433,5): warning MSB3277:           Project file item includes which caused reference "C:\Program Files\Autodesk\Revit 2025\AdskRcManaged.dll". [d:\Software\Antigravity\Birooni Tools\Family Loader\2025\FamilyLoader.csproj]
C:\Program Files\dotnet\sdk\9.0.312\Microsoft.Common.CurrentVersion.targets(2433,5): warning MSB3277:             RevitAPI [d:\Software\Antigravity\Birooni Tools\Family Loader\2025\FamilyLoader.csproj]
C:\Program Files\dotnet\sdk\9.0.312\Microsoft.Common.CurrentVersion.targets(2433,5): warning MSB3277:             RevitAPIUI [d:\Software\Antigravity\Birooni Tools\Family Loader\2025\FamilyLoader.csproj]
C:\Program Files\dotnet\sdk\9.0.312\Microsoft.Common.CurrentVersion.targets(2433,5): warning MSB3277:         C:\Program Files\Autodesk\Revit 2025\RevitAPIFoundation.dll [d:\Software\Antigravity\Birooni Tools\Family Loader\2025\FamilyLoader.csproj]
C:\Program Files\dotnet\sdk\9.0.312\Microsoft.Common.CurrentVersion.targets(2433,5): warning MSB3277:           Project file item includes which caused reference "C:\Program Files\Autodesk\Revit 2025\RevitAPIFoundation.dll". [d:\Software\Antigravity\Birooni Tools\Family Loader\2025\FamilyLoader.csproj]
C:\Program Files\dotnet\sdk\9.0.312\Microsoft.Common.CurrentVersion.targets(2433,5): warning MSB3277:             RevitAPI [d:\Software\Antigravity\Birooni Tools\Family Loader\2025\FamilyLoader.csproj]
C:\Program Files\dotnet\sdk\9.0.312\Microsoft.Common.CurrentVersion.targets(2433,5): warning MSB3277:             RevitAPIUI [d:\Software\Antigravity\Birooni Tools\Family Loader\2025\FamilyLoader.csproj]
C:\Program Files\dotnet\sdk\9.0.312\Microsoft.Common.CurrentVersion.targets(2433,5): warning MSB3277:         C:\Program Files\Autodesk\Revit 2025\RevitDBAPI.dll [d:\Software\Antigravity\Birooni Tools\Family Loader\2025\FamilyLoader.csproj]
C:\Program Files\dotnet\sdk\9.0.312\Microsoft.Common.CurrentVersion.targets(2433,5): warning MSB3277:           Project file item includes which caused reference "C:\Program Files\Autodesk\Revit 2025\RevitDBAPI.dll". [d:\Software\Antigravity\Birooni Tools\Family Loader\2025\FamilyLoader.csproj]
C:\Program Files\dotnet\sdk\9.0.312\Microsoft.Common.CurrentVersion.targets(2433,5): warning MSB3277:             RevitAPI [d:\Software\Antigravity\Birooni Tools\Family Loader\2025\FamilyLoader.csproj]
C:\Program Files\dotnet\sdk\9.0.312\Microsoft.Common.CurrentVersion.targets(2433,5): warning MSB3277:             RevitAPIUI [d:\Software\Antigravity\Birooni Tools\Family Loader\2025\FamilyLoader.csproj]
C:\Program Files\dotnet\sdk\9.0.312\Microsoft.Common.CurrentVersion.targets(2433,5): warning MSB3277:         C:\Program Files\Autodesk\Revit 2025\RevitDBCoreAPI.dll [d:\Software\Antigravity\Birooni Tools\Family Loader\2025\FamilyLoader.csproj]
C:\Program Files\dotnet\sdk\9.0.312\Microsoft.Common.CurrentVersion.targets(2433,5): warning MSB3277:           Project file item includes which caused reference "C:\Program Files\Autodesk\Revit 2025\RevitDBCoreAPI.dll". [d:\Software\Antigravity\Birooni Tools\Family Loader\2025\FamilyLoader.csproj]
C:\Program Files\dotnet\sdk\9.0.312\Microsoft.Common.CurrentVersion.targets(2433,5): warning MSB3277:             RevitAPI [d:\Software\Antigravity\Birooni Tools\Family Loader\2025\FamilyLoader.csproj]
C:\Program Files\dotnet\sdk\9.0.312\Microsoft.Common.CurrentVersion.targets(2433,5): warning MSB3277:             RevitAPIUI [d:\Software\Antigravity\Birooni Tools\Family Loader\2025\FamilyLoader.csproj]
C:\Program Files\dotnet\sdk\9.0.312\Microsoft.Common.CurrentVersion.targets(2433,5): warning MSB3277:         C:\Program Files\Autodesk\Revit 2025\PersistenceDBAPI.dll [d:\Software\Antigravity\Birooni Tools\Family Loader\2025\FamilyLoader.csproj]
C:\Program Files\dotnet\sdk\9.0.312\Microsoft.Common.CurrentVersion.targets(2433,5): warning MSB3277:           Project file item includes which caused reference "C:\Program Files\Autodesk\Revit 2025\PersistenceDBAPI.dll". [d:\Software\Antigravity\Birooni Tools\Family Loader\2025\FamilyLoader.csproj]
C:\Program Files\dotnet\sdk\9.0.312\Microsoft.Common.CurrentVersion.targets(2433,5): warning MSB3277:             RevitAPI [d:\Software\Antigravity\Birooni Tools\Family Loader\2025\FamilyLoader.csproj]
C:\Program Files\dotnet\sdk\9.0.312\Microsoft.Common.CurrentVersion.targets(2433,5): warning MSB3277:             RevitAPIUI [d:\Software\Antigravity\Birooni Tools\Family Loader\2025\FamilyLoader.csproj]
C:\Program Files\dotnet\sdk\9.0.312\Microsoft.Common.CurrentVersion.targets(2433,5): warning MSB3277:         C:\Program Files\Autodesk\Revit 2025\UtilityAPI.dll [d:\Software\Antigravity\Birooni Tools\Family Loader\2025\FamilyLoader.csproj]
C:\Program Files\dotnet\sdk\9.0.312\Microsoft.Common.CurrentVersion.targets(2433,5): warning MSB3277:           Project file item includes which caused reference "C:\Program Files\Autodesk\Revit 2025\UtilityAPI.dll". [d:\Software\Antigravity\Birooni Tools\Family Loader\2025\FamilyLoader.csproj]
C:\Program Files\dotnet\sdk\9.0.312\Microsoft.Common.CurrentVersion.targets(2433,5): warning MSB3277:             RevitAPI [d:\Software\Antigravity\Birooni Tools\Family Loader\2025\FamilyLoader.csproj]
C:\Program Files\dotnet\sdk\9.0.312\Microsoft.Common.CurrentVersion.targets(2433,5): warning MSB3277:             RevitAPIUI [d:\Software\Antigravity\Birooni Tools\Family Loader\2025\FamilyLoader.csproj]
C:\Program Files\dotnet\sdk\9.0.312\Microsoft.Common.CurrentVersion.targets(2433,5): warning MSB3277:         C:\Program Files\Autodesk\Revit 2025\APIDBAPI.dll [d:\Software\Antigravity\Birooni Tools\Family Loader\2025\FamilyLoader.csproj]
C:\Program Files\dotnet\sdk\9.0.312\Microsoft.Common.CurrentVersion.targets(2433,5): warning MSB3277:           Project file item includes which caused reference "C:\Program Files\Autodesk\Revit 2025\APIDBAPI.dll". [d:\Software\Antigravity\Birooni Tools\Family Loader\2025\FamilyLoader.csproj]
C:\Program Files\dotnet\sdk\9.0.312\Microsoft.Common.CurrentVersion.targets(2433,5): warning MSB3277:             RevitAPI [d:\Software\Antigravity\Birooni Tools\Family Loader\2025\FamilyLoader.csproj]
C:\Program Files\dotnet\sdk\9.0.312\Microsoft.Common.CurrentVersion.targets(2433,5): warning MSB3277:             RevitAPIUI [d:\Software\Antigravity\Birooni Tools\Family Loader\2025\FamilyLoader.csproj]
C:\Program Files\dotnet\sdk\9.0.312\Microsoft.Common.CurrentVersion.targets(2433,5): warning MSB3277:         C:\Program Files\Autodesk\Revit 2025\GraphicsAPI.dll [d:\Software\Antigravity\Birooni Tools\Family Loader\2025\FamilyLoader.csproj]
C:\Program Files\dotnet\sdk\9.0.312\Microsoft.Common.CurrentVersion.targets(2433,5): warning MSB3277:           Project file item includes which caused reference "C:\Program Files\Autodesk\Revit 2025\GraphicsAPI.dll". [d:\Software\Antigravity\Birooni Tools\Family Loader\2025\FamilyLoader.csproj]
C:\Program Files\dotnet\sdk\9.0.312\Microsoft.Common.CurrentVersion.targets(2433,5): warning MSB3277:             RevitAPI [d:\Software\Antigravity\Birooni Tools\Family Loader\2025\FamilyLoader.csproj]
C:\Program Files\dotnet\sdk\9.0.312\Microsoft.Common.CurrentVersion.targets(2433,5): warning MSB3277:             RevitAPIUI [d:\Software\Antigravity\Birooni Tools\Family Loader\2025\FamilyLoader.csproj]
C:\Program Files\dotnet\sdk\9.0.312\Microsoft.Common.CurrentVersion.targets(2433,5): warning MSB3277:         C:\Program Files\Autodesk\Revit 2025\ElementGroupDBAPI.dll [d:\Software\Antigravity\Birooni Tools\Family Loader\2025\FamilyLoader.csproj]
C:\Program Files\dotnet\sdk\9.0.312\Microsoft.Common.CurrentVersion.targets(2433,5): warning MSB3277:           Project file item includes which caused reference "C:\Program Files\Autodesk\Revit 2025\ElementGroupDBAPI.dll". [d:\Software\Antigravity\Birooni Tools\Family Loader\2025\FamilyLoader.csproj]
C:\Program Files\dotnet\sdk\9.0.312\Microsoft.Common.CurrentVersion.targets(2433,5): warning MSB3277:             RevitAPI [d:\Software\Antigravity\Birooni Tools\Family Loader\2025\FamilyLoader.csproj]
C:\Program Files\dotnet\sdk\9.0.312\Microsoft.Common.CurrentVersion.targets(2433,5): warning MSB3277:             RevitAPIUI [d:\Software\Antigravity\Birooni Tools\Family Loader\2025\FamilyLoader.csproj]
C:\Program Files\dotnet\sdk\9.0.312\Microsoft.Common.CurrentVersion.targets(2433,5): warning MSB3277:         C:\Program Files\Autodesk\Revit 2025\EssentialsDBAPI.dll [d:\Software\Antigravity\Birooni Tools\Family Loader\2025\FamilyLoader.csproj]
C:\Program Files\dotnet\sdk\9.0.312\Microsoft.Common.CurrentVersion.targets(2433,5): warning MSB3277:           Project file item includes which caused reference "C:\Program Files\Autodesk\Revit 2025\EssentialsDBAPI.dll". [d:\Software\Antigravity\Birooni Tools\Family Loader\2025\FamilyLoader.csproj]
C:\Program Files\dotnet\sdk\9.0.312\Microsoft.Common.CurrentVersion.targets(2433,5): warning MSB3277:             RevitAPI [d:\Software\Antigravity\Birooni Tools\Family Loader\2025\FamilyLoader.csproj]
C:\Program Files\dotnet\sdk\9.0.312\Microsoft.Common.CurrentVersion.targets(2433,5): warning MSB3277:             RevitAPIUI [d:\Software\Antigravity\Birooni Tools\Family Loader\2025\FamilyLoader.csproj]
C:\Program Files\dotnet\sdk\9.0.312\Microsoft.Common.CurrentVersion.targets(2433,5): warning MSB3277:         C:\Program Files\Autodesk\Revit 2025\GeomUtilAPI.dll [d:\Software\Antigravity\Birooni Tools\Family Loader\2025\FamilyLoader.csproj]
C:\Program Files\dotnet\sdk\9.0.312\Microsoft.Common.CurrentVersion.targets(2433,5): warning MSB3277:           Project file item includes which caused reference "C:\Program Files\Autodesk\Revit 2025\GeomUtilAPI.dll". [d:\Software\Antigravity\Birooni Tools\Family Loader\2025\FamilyLoader.csproj]
C:\Program Files\dotnet\sdk\9.0.312\Microsoft.Common.CurrentVersion.targets(2433,5): warning MSB3277:             RevitAPI [d:\Software\Antigravity\Birooni Tools\Family Loader\2025\FamilyLoader.csproj]
C:\Program Files\dotnet\sdk\9.0.312\Microsoft.Common.CurrentVersion.targets(2433,5): warning MSB3277:             RevitAPIUI [d:\Software\Antigravity\Birooni Tools\Family Loader\2025\FamilyLoader.csproj]
C:\Program Files\dotnet\sdk\9.0.312\Microsoft.Common.CurrentVersion.targets(2433,5): warning MSB3277:         C:\Program Files\Autodesk\Revit 2025\FamilyDBAPI.dll [d:\Software\Antigravity\Birooni Tools\Family Loader\2025\FamilyLoader.csproj]
C:\Program Files\dotnet\sdk\9.0.312\Microsoft.Common.CurrentVersion.targets(2433,5): warning MSB3277:           Project file item includes which caused reference "C:\Program Files\Autodesk\Revit 2025\FamilyDBAPI.dll". [d:\Software\Antigravity\Birooni Tools\Family Loader\2025\FamilyLoader.csproj]
C:\Program Files\dotnet\sdk\9.0.312\Microsoft.Common.CurrentVersion.targets(2433,5): warning MSB3277:             RevitAPI [d:\Software\Antigravity\Birooni Tools\Family Loader\2025\FamilyLoader.csproj]
C:\Program Files\dotnet\sdk\9.0.312\Microsoft.Common.CurrentVersion.targets(2433,5): warning MSB3277:             RevitAPIUI [d:\Software\Antigravity\Birooni Tools\Family Loader\2025\FamilyLoader.csproj]
C:\Program Files\dotnet\sdk\9.0.312\Microsoft.Common.CurrentVersion.targets(2433,5): warning MSB3277:         C:\Program Files\Autodesk\Revit 2025\DetailDBAPI.dll [d:\Software\Antigravity\Birooni Tools\Family Loader\2025\FamilyLoader.csproj]
C:\Program Files\dotnet\sdk\9.0.312\Microsoft.Common.CurrentVersion.targets(2433,5): warning MSB3277:           Project file item includes which caused reference "C:\Program Files\Autodesk\Revit 2025\DetailDBAPI.dll". [d:\Software\Antigravity\Birooni Tools\Family Loader\2025\FamilyLoader.csproj]
C:\Program Files\dotnet\sdk\9.0.312\Microsoft.Common.CurrentVersion.targets(2433,5): warning MSB3277:             RevitAPI [d:\Software\Antigravity\Birooni Tools\Family Loader\2025\FamilyLoader.csproj]
C:\Program Files\dotnet\sdk\9.0.312\Microsoft.Common.CurrentVersion.targets(2433,5): warning MSB3277:             RevitAPIUI [d:\Software\Antigravity\Birooni Tools\Family Loader\2025\FamilyLoader.csproj]
C:\Program Files\dotnet\sdk\9.0.312\Microsoft.Common.CurrentVersion.targets(2433,5): warning MSB3277:         C:\Program Files\Autodesk\Revit 2025\CurtainGridFamilyDBAPI.dll [d:\Software\Antigravity\Birooni Tools\Family Loader\2025\FamilyLoader.csproj]
C:\Program Files\dotnet\sdk\9.0.312\Microsoft.Common.CurrentVersion.targets(2433,5): warning MSB3277:           Project file item includes which caused reference "C:\Program Files\Autodesk\Revit 2025\CurtainGridFamilyDBAPI.dll". [d:\Software\Antigravity\Birooni Tools\Family Loader\2025\FamilyLoader.csproj]
C:\Program Files\dotnet\sdk\9.0.312\Microsoft.Common.CurrentVersion.targets(2433,5): warning MSB3277:             RevitAPI [d:\Software\Antigravity\Birooni Tools\Family Loader\2025\FamilyLoader.csproj]
C:\Program Files\dotnet\sdk\9.0.312\Microsoft.Common.CurrentVersion.targets(2433,5): warning MSB3277:             RevitAPIUI [d:\Software\Antigravity\Birooni Tools\Family Loader\2025\FamilyLoader.csproj]
C:\Program Files\dotnet\sdk\9.0.312\Microsoft.Common.CurrentVersion.targets(2433,5): warning MSB3277:         C:\Program Files\Autodesk\Revit 2025\ArrayElemsDBAPI.dll [d:\Software\Antigravity\Birooni Tools\Family Loader\2025\FamilyLoader.csproj]
C:\Program Files\dotnet\sdk\9.0.312\Microsoft.Common.CurrentVersion.targets(2433,5): warning MSB3277:           Project file item includes which caused reference "C:\Program Files\Autodesk\Revit 2025\ArrayElemsDBAPI.dll". [d:\Software\Antigravity\Birooni Tools\Family Loader\2025\FamilyLoader.csproj]
C:\Program Files\dotnet\sdk\9.0.312\Microsoft.Common.CurrentVersion.targets(2433,5): warning MSB3277:             RevitAPI [d:\Software\Antigravity\Birooni Tools\Family Loader\2025\FamilyLoader.csproj]
C:\Program Files\dotnet\sdk\9.0.312\Microsoft.Common.CurrentVersion.targets(2433,5): warning MSB3277:             RevitAPIUI [d:\Software\Antigravity\Birooni Tools\Family Loader\2025\FamilyLoader.csproj]
C:\Program Files\dotnet\sdk\9.0.312\Microsoft.Common.CurrentVersion.targets(2433,5): warning MSB3277:         C:\Program Files\Autodesk\Revit 2025\EnergyAnalysisDBAPI.dll [d:\Software\Antigravity\Birooni Tools\Family Loader\2025\FamilyLoader.csproj]
C:\Program Files\dotnet\sdk\9.0.312\Microsoft.Common.CurrentVersion.targets(2433,5): warning MSB3277:           Project file item includes which caused reference "C:\Program Files\Autodesk\Revit 2025\EnergyAnalysisDBAPI.dll". [d:\Software\Antigravity\Birooni Tools\Family Loader\2025\FamilyLoader.csproj]
C:\Program Files\dotnet\sdk\9.0.312\Microsoft.Common.CurrentVersion.targets(2433,5): warning MSB3277:             RevitAPI [d:\Software\Antigravity\Birooni Tools\Family Loader\2025\FamilyLoader.csproj]
C:\Program Files\dotnet\sdk\9.0.312\Microsoft.Common.CurrentVersion.targets(2433,5): warning MSB3277:             RevitAPIUI [d:\Software\Antigravity\Birooni Tools\Family Loader\2025\FamilyLoader.csproj]
C:\Program Files\dotnet\sdk\9.0.312\Microsoft.Common.CurrentVersion.targets(2433,5): warning MSB3277:         C:\Program Files\Autodesk\Revit 2025\BuildingSystemsDBAPI.dll [d:\Software\Antigravity\Birooni Tools\Family Loader\2025\FamilyLoader.csproj]
C:\Program Files\dotnet\sdk\9.0.312\Microsoft.Common.CurrentVersion.targets(2433,5): warning MSB3277:           Project file item includes which caused reference "C:\Program Files\Autodesk\Revit 2025\BuildingSystemsDBAPI.dll". [d:\Software\Antigravity\Birooni Tools\Family Loader\2025\FamilyLoader.csproj]
C:\Program Files\dotnet\sdk\9.0.312\Microsoft.Common.CurrentVersion.targets(2433,5): warning MSB3277:             RevitAPI [d:\Software\Antigravity\Birooni Tools\Family Loader\2025\FamilyLoader.csproj]
C:\Program Files\dotnet\sdk\9.0.312\Microsoft.Common.CurrentVersion.targets(2433,5): warning MSB3277:             RevitAPIUI [d:\Software\Antigravity\Birooni Tools\Family Loader\2025\FamilyLoader.csproj]
C:\Program Files\dotnet\sdk\9.0.312\Microsoft.Common.CurrentVersion.targets(2433,5): warning MSB3277:         C:\Program Files\Autodesk\Revit 2025\HostObjDBAPI.dll [d:\Software\Antigravity\Birooni Tools\Family Loader\2025\FamilyLoader.csproj]
C:\Program Files\dotnet\sdk\9.0.312\Microsoft.Common.CurrentVersion.targets(2433,5): warning MSB3277:           Project file item includes which caused reference "C:\Program Files\Autodesk\Revit 2025\HostObjDBAPI.dll". [d:\Software\Antigravity\Birooni Tools\Family Loader\2025\FamilyLoader.csproj]
C:\Program Files\dotnet\sdk\9.0.312\Microsoft.Common.CurrentVersion.targets(2433,5): warning MSB3277:             RevitAPI [d:\Software\Antigravity\Birooni Tools\Family Loader\2025\FamilyLoader.csproj]
C:\Program Files\dotnet\sdk\9.0.312\Microsoft.Common.CurrentVersion.targets(2433,5): warning MSB3277:             RevitAPIUI [d:\Software\Antigravity\Birooni Tools\Family Loader\2025\FamilyLoader.csproj]
C:\Program Files\dotnet\sdk\9.0.312\Microsoft.Common.CurrentVersion.targets(2433,5): warning MSB3277:         C:\Program Files\Autodesk\Revit 2025\RoomAreaPlanDBAPI.dll [d:\Software\Antigravity\Birooni Tools\Family Loader\2025\FamilyLoader.csproj]
C:\Program Files\dotnet\sdk\9.0.312\Microsoft.Common.CurrentVersion.targets(2433,5): warning MSB3277:           Project file item includes which caused reference "C:\Program Files\Autodesk\Revit 2025\RoomAreaPlanDBAPI.dll". [d:\Software\Antigravity\Birooni Tools\Family Loader\2025\FamilyLoader.csproj]
C:\Program Files\dotnet\sdk\9.0.312\Microsoft.Common.CurrentVersion.targets(2433,5): warning MSB3277:             RevitAPI [d:\Software\Antigravity\Birooni Tools\Family Loader\2025\FamilyLoader.csproj]
C:\Program Files\dotnet\sdk\9.0.312\Microsoft.Common.CurrentVersion.targets(2433,5): warning MSB3277:             RevitAPIUI [d:\Software\Antigravity\Birooni Tools\Family Loader\2025\FamilyLoader.csproj]
C:\Program Files\dotnet\sdk\9.0.312\Microsoft.Common.CurrentVersion.targets(2433,5): warning MSB3277:         C:\Program Files\Autodesk\Revit 2025\SiteDBAPI.dll [d:\Software\Antigravity\Birooni Tools\Family Loader\2025\FamilyLoader.csproj]
C:\Program Files\dotnet\sdk\9.0.312\Microsoft.Common.CurrentVersion.targets(2433,5): warning MSB3277:           Project file item includes which caused reference "C:\Program Files\Autodesk\Revit 2025\SiteDBAPI.dll". [d:\Software\Antigravity\Birooni Tools\Family Loader\2025\FamilyLoader.csproj]
C:\Program Files\dotnet\sdk\9.0.312\Microsoft.Common.CurrentVersion.targets(2433,5): warning MSB3277:             RevitAPI [d:\Software\Antigravity\Birooni Tools\Family Loader\2025\FamilyLoader.csproj]
C:\Program Files\dotnet\sdk\9.0.312\Microsoft.Common.CurrentVersion.targets(2433,5): warning MSB3277:             RevitAPIUI [d:\Software\Antigravity\Birooni Tools\Family Loader\2025\FamilyLoader.csproj]
C:\Program Files\dotnet\sdk\9.0.312\Microsoft.Common.CurrentVersion.targets(2433,5): warning MSB3277:         C:\Program Files\Autodesk\Revit 2025\SculptingDBAPI.dll [d:\Software\Antigravity\Birooni Tools\Family Loader\2025\FamilyLoader.csproj]
C:\Program Files\dotnet\sdk\9.0.312\Microsoft.Common.CurrentVersion.targets(2433,5): warning MSB3277:           Project file item includes which caused reference "C:\Program Files\Autodesk\Revit 2025\SculptingDBAPI.dll". [d:\Software\Antigravity\Birooni Tools\Family Loader\2025\FamilyLoader.csproj]
C:\Program Files\dotnet\sdk\9.0.312\Microsoft.Common.CurrentVersion.targets(2433,5): warning MSB3277:             RevitAPI [d:\Software\Antigravity\Birooni Tools\Family Loader\2025\FamilyLoader.csproj]
C:\Program Files\dotnet\sdk\9.0.312\Microsoft.Common.CurrentVersion.targets(2433,5): warning MSB3277:             RevitAPIUI [d:\Software\Antigravity\Birooni Tools\Family Loader\2025\FamilyLoader.csproj]
C:\Program Files\dotnet\sdk\9.0.312\Microsoft.Common.CurrentVersion.targets(2433,5): warning MSB3277:         C:\Program Files\Autodesk\Revit 2025\StructuralDBAPI.dll [d:\Software\Antigravity\Birooni Tools\Family Loader\2025\FamilyLoader.csproj]
C:\Program Files\dotnet\sdk\9.0.312\Microsoft.Common.CurrentVersion.targets(2433,5): warning MSB3277:           Project file item includes which caused reference "C:\Program Files\Autodesk\Revit 2025\StructuralDBAPI.dll". [d:\Software\Antigravity\Birooni Tools\Family Loader\2025\FamilyLoader.csproj]
C:\Program Files\dotnet\sdk\9.0.312\Microsoft.Common.CurrentVersion.targets(2433,5): warning MSB3277:             RevitAPI [d:\Software\Antigravity\Birooni Tools\Family Loader\2025\FamilyLoader.csproj]
C:\Program Files\dotnet\sdk\9.0.312\Microsoft.Common.CurrentVersion.targets(2433,5): warning MSB3277:             RevitAPIUI [d:\Software\Antigravity\Birooni Tools\Family Loader\2025\FamilyLoader.csproj]
C:\Program Files\dotnet\sdk\9.0.312\Microsoft.Common.CurrentVersion.targets(2433,5): warning MSB3277:         C:\Program Files\Autodesk\Revit 2025\InterfaceAPI.dll [d:\Software\Antigravity\Birooni Tools\Family Loader\2025\FamilyLoader.csproj]
C:\Program Files\dotnet\sdk\9.0.312\Microsoft.Common.CurrentVersion.targets(2433,5): warning MSB3277:           Project file item includes which caused reference "C:\Program Files\Autodesk\Revit 2025\InterfaceAPI.dll". [d:\Software\Antigravity\Birooni Tools\Family Loader\2025\FamilyLoader.csproj]
C:\Program Files\dotnet\sdk\9.0.312\Microsoft.Common.CurrentVersion.targets(2433,5): warning MSB3277:             RevitAPI [d:\Software\Antigravity\Birooni Tools\Family Loader\2025\FamilyLoader.csproj]
C:\Program Files\dotnet\sdk\9.0.312\Microsoft.Common.CurrentVersion.targets(2433,5): warning MSB3277:             RevitAPIUI [d:\Software\Antigravity\Birooni Tools\Family Loader\2025\FamilyLoader.csproj]
C:\Program Files\dotnet\sdk\9.0.312\Microsoft.Common.CurrentVersion.targets(2433,5): warning MSB3277:         C:\Program Files\Autodesk\Revit 2025\InterfaceUtilAPI.dll [d:\Software\Antigravity\Birooni Tools\Family Loader\2025\FamilyLoader.csproj]
C:\Program Files\dotnet\sdk\9.0.312\Microsoft.Common.CurrentVersion.targets(2433,5): warning MSB3277:           Project file item includes which caused reference "C:\Program Files\Autodesk\Revit 2025\InterfaceUtilAPI.dll". [d:\Software\Antigravity\Birooni Tools\Family Loader\2025\FamilyLoader.csproj]
C:\Program Files\dotnet\sdk\9.0.312\Microsoft.Common.CurrentVersion.targets(2433,5): warning MSB3277:             RevitAPI [d:\Software\Antigravity\Birooni Tools\Family Loader\2025\FamilyLoader.csproj]
C:\Program Files\dotnet\sdk\9.0.312\Microsoft.Common.CurrentVersion.targets(2433,5): warning MSB3277:             RevitAPIUI [d:\Software\Antigravity\Birooni Tools\Family Loader\2025\FamilyLoader.csproj]
C:\Program Files\dotnet\sdk\9.0.312\Microsoft.Common.CurrentVersion.targets(2433,5): warning MSB3277:         C:\Program Files\Autodesk\Revit 2025\RebarDBAPI.dll [d:\Software\Antigravity\Birooni Tools\Family Loader\2025\FamilyLoader.csproj]
C:\Program Files\dotnet\sdk\9.0.312\Microsoft.Common.CurrentVersion.targets(2433,5): warning MSB3277:           Project file item includes which caused reference "C:\Program Files\Autodesk\Revit 2025\RebarDBAPI.dll". [d:\Software\Antigravity\Birooni Tools\Family Loader\2025\FamilyLoader.csproj]
C:\Program Files\dotnet\sdk\9.0.312\Microsoft.Common.CurrentVersion.targets(2433,5): warning MSB3277:             RevitAPI [d:\Software\Antigravity\Birooni Tools\Family Loader\2025\FamilyLoader.csproj]
C:\Program Files\dotnet\sdk\9.0.312\Microsoft.Common.CurrentVersion.targets(2433,5): warning MSB3277:             RevitAPIUI [d:\Software\Antigravity\Birooni Tools\Family Loader\2025\FamilyLoader.csproj]
C:\Program Files\dotnet\sdk\9.0.312\Microsoft.Common.CurrentVersion.targets(2433,5): warning MSB3277:         C:\Program Files\Autodesk\Revit 2025\StructuralAnalysisDBAPI.dll [d:\Software\Antigravity\Birooni Tools\Family Loader\2025\FamilyLoader.csproj]
C:\Program Files\dotnet\sdk\9.0.312\Microsoft.Common.CurrentVersion.targets(2433,5): warning MSB3277:           Project file item includes which caused reference "C:\Program Files\Autodesk\Revit 2025\StructuralAnalysisDBAPI.dll". [d:\Software\Antigravity\Birooni Tools\Family Loader\2025\FamilyLoader.csproj]
C:\Program Files\dotnet\sdk\9.0.312\Microsoft.Common.CurrentVersion.targets(2433,5): warning MSB3277:             RevitAPI [d:\Software\Antigravity\Birooni Tools\Family Loader\2025\FamilyLoader.csproj]
C:\Program Files\dotnet\sdk\9.0.312\Microsoft.Common.CurrentVersion.targets(2433,5): warning MSB3277:             RevitAPIUI [d:\Software\Antigravity\Birooni Tools\Family Loader\2025\FamilyLoader.csproj]
C:\Program Files\dotnet\sdk\9.0.312\Microsoft.Common.CurrentVersion.targets(2433,5): warning MSB3277:         C:\Program Files\Autodesk\Revit 2025\MassingDBAPI.dll [d:\Software\Antigravity\Birooni Tools\Family Loader\2025\FamilyLoader.csproj]
C:\Program Files\dotnet\sdk\9.0.312\Microsoft.Common.CurrentVersion.targets(2433,5): warning MSB3277:           Project file item includes which caused reference "C:\Program Files\Autodesk\Revit 2025\MassingDBAPI.dll". [d:\Software\Antigravity\Birooni Tools\Family Loader\2025\FamilyLoader.csproj]
C:\Program Files\dotnet\sdk\9.0.312\Microsoft.Common.CurrentVersion.targets(2433,5): warning MSB3277:             RevitAPI [d:\Software\Antigravity\Birooni Tools\Family Loader\2025\FamilyLoader.csproj]
C:\Program Files\dotnet\sdk\9.0.312\Microsoft.Common.CurrentVersion.targets(2433,5): warning MSB3277:             RevitAPIUI [d:\Software\Antigravity\Birooni Tools\Family Loader\2025\FamilyLoader.csproj]
C:\Program Files\dotnet\sdk\9.0.312\Microsoft.Common.CurrentVersion.targets(2433,5): warning MSB3277:         C:\Program Files\Autodesk\Revit 2025\AssemblyDBAPI.dll [d:\Software\Antigravity\Birooni Tools\Family Loader\2025\FamilyLoader.csproj]
C:\Program Files\dotnet\sdk\9.0.312\Microsoft.Common.CurrentVersion.targets(2433,5): warning MSB3277:           Project file item includes which caused reference "C:\Program Files\Autodesk\Revit 2025\AssemblyDBAPI.dll". [d:\Software\Antigravity\Birooni Tools\Family Loader\2025\FamilyLoader.csproj]
C:\Program Files\dotnet\sdk\9.0.312\Microsoft.Common.CurrentVersion.targets(2433,5): warning MSB3277:             RevitAPI [d:\Software\Antigravity\Birooni Tools\Family Loader\2025\FamilyLoader.csproj]
C:\Program Files\dotnet\sdk\9.0.312\Microsoft.Common.CurrentVersion.targets(2433,5): warning MSB3277:             RevitAPIUI [d:\Software\Antigravity\Birooni Tools\Family Loader\2025\FamilyLoader.csproj]
C:\Program Files\dotnet\sdk\9.0.312\Microsoft.Common.CurrentVersion.targets(2433,5): warning MSB3277:         C:\Program Files\Autodesk\Revit 2025\DPartDBAPI.dll [d:\Software\Antigravity\Birooni Tools\Family Loader\2025\FamilyLoader.csproj]
C:\Program Files\dotnet\sdk\9.0.312\Microsoft.Common.CurrentVersion.targets(2433,5): warning MSB3277:           Project file item includes which caused reference "C:\Program Files\Autodesk\Revit 2025\DPartDBAPI.dll". [d:\Software\Antigravity\Birooni Tools\Family Loader\2025\FamilyLoader.csproj]
C:\Program Files\dotnet\sdk\9.0.312\Microsoft.Common.CurrentVersion.targets(2433,5): warning MSB3277:             RevitAPI [d:\Software\Antigravity\Birooni Tools\Family Loader\2025\FamilyLoader.csproj]
C:\Program Files\dotnet\sdk\9.0.312\Microsoft.Common.CurrentVersion.targets(2433,5): warning MSB3277:             RevitAPIUI [d:\Software\Antigravity\Birooni Tools\Family Loader\2025\FamilyLoader.csproj]
C:\Program Files\dotnet\sdk\9.0.312\Microsoft.Common.CurrentVersion.targets(2433,5): warning MSB3277:         C:\Program Files\Autodesk\Revit 2025\NumberingDBAPI.dll [d:\Software\Antigravity\Birooni Tools\Family Loader\2025\FamilyLoader.csproj]
C:\Program Files\dotnet\sdk\9.0.312\Microsoft.Common.CurrentVersion.targets(2433,5): warning MSB3277:           Project file item includes which caused reference "C:\Program Files\Autodesk\Revit 2025\NumberingDBAPI.dll". [d:\Software\Antigravity\Birooni Tools\Family Loader\2025\FamilyLoader.csproj]
C:\Program Files\dotnet\sdk\9.0.312\Microsoft.Common.CurrentVersion.targets(2433,5): warning MSB3277:             RevitAPI [d:\Software\Antigravity\Birooni Tools\Family Loader\2025\FamilyLoader.csproj]
C:\Program Files\dotnet\sdk\9.0.312\Microsoft.Common.CurrentVersion.targets(2433,5): warning MSB3277:             RevitAPIUI [d:\Software\Antigravity\Birooni Tools\Family Loader\2025\FamilyLoader.csproj]
C:\Program Files\dotnet\sdk\9.0.312\Microsoft.Common.CurrentVersion.targets(2433,5): warning MSB3277:         C:\Program Files\Autodesk\Revit 2025\PointCloudAccessAPI.dll [d:\Software\Antigravity\Birooni Tools\Family Loader\2025\FamilyLoader.csproj]
C:\Program Files\dotnet\sdk\9.0.312\Microsoft.Common.CurrentVersion.targets(2433,5): warning MSB3277:           Project file item includes which caused reference "C:\Program Files\Autodesk\Revit 2025\PointCloudAccessAPI.dll". [d:\Software\Antigravity\Birooni Tools\Family Loader\2025\FamilyLoader.csproj]
C:\Program Files\dotnet\sdk\9.0.312\Microsoft.Common.CurrentVersion.targets(2433,5): warning MSB3277:             RevitAPI [d:\Software\Antigravity\Birooni Tools\Family Loader\2025\FamilyLoader.csproj]
C:\Program Files\dotnet\sdk\9.0.312\Microsoft.Common.CurrentVersion.targets(2433,5): warning MSB3277:             RevitAPIUI [d:\Software\Antigravity\Birooni Tools\Family Loader\2025\FamilyLoader.csproj]
C:\Program Files\dotnet\sdk\9.0.312\Microsoft.Common.CurrentVersion.targets(2433,5): warning MSB3277:         C:\Program Files\Autodesk\Revit 2025\StairRampDBAPI.dll [d:\Software\Antigravity\Birooni Tools\Family Loader\2025\FamilyLoader.csproj]
C:\Program Files\dotnet\sdk\9.0.312\Microsoft.Common.CurrentVersion.targets(2433,5): warning MSB3277:           Project file item includes which caused reference "C:\Program Files\Autodesk\Revit 2025\StairRampDBAPI.dll". [d:\Software\Antigravity\Birooni Tools\Family Loader\2025\FamilyLoader.csproj]
C:\Program Files\dotnet\sdk\9.0.312\Microsoft.Common.CurrentVersion.targets(2433,5): warning MSB3277:             RevitAPI [d:\Software\Antigravity\Birooni Tools\Family Loader\2025\FamilyLoader.csproj]
C:\Program Files\dotnet\sdk\9.0.312\Microsoft.Common.CurrentVersion.targets(2433,5): warning MSB3277:             RevitAPIUI [d:\Software\Antigravity\Birooni Tools\Family Loader\2025\FamilyLoader.csproj]
C:\Program Files\dotnet\sdk\9.0.312\Microsoft.Common.CurrentVersion.targets(2433,5): warning MSB3277:         C:\Program Files\Autodesk\Revit 2025\AnalysisAppsDBAPI.dll [d:\Software\Antigravity\Birooni Tools\Family Loader\2025\FamilyLoader.csproj]
C:\Program Files\dotnet\sdk\9.0.312\Microsoft.Common.CurrentVersion.targets(2433,5): warning MSB3277:           Project file item includes which caused reference "C:\Program Files\Autodesk\Revit 2025\AnalysisAppsDBAPI.dll". [d:\Software\Antigravity\Birooni Tools\Family Loader\2025\FamilyLoader.csproj]
C:\Program Files\dotnet\sdk\9.0.312\Microsoft.Common.CurrentVersion.targets(2433,5): warning MSB3277:             RevitAPI [d:\Software\Antigravity\Birooni Tools\Family Loader\2025\FamilyLoader.csproj]
C:\Program Files\dotnet\sdk\9.0.312\Microsoft.Common.CurrentVersion.targets(2433,5): warning MSB3277:             RevitAPIUI [d:\Software\Antigravity\Birooni Tools\Family Loader\2025\FamilyLoader.csproj]
C:\Program Files\dotnet\sdk\9.0.312\Microsoft.Common.CurrentVersion.targets(2433,5): warning MSB3277:         C:\Program Files\Autodesk\Revit 2025\MaterialDBAPI.dll [d:\Software\Antigravity\Birooni Tools\Family Loader\2025\FamilyLoader.csproj]
C:\Program Files\dotnet\sdk\9.0.312\Microsoft.Common.CurrentVersion.targets(2433,5): warning MSB3277:           Project file item includes which caused reference "C:\Program Files\Autodesk\Revit 2025\MaterialDBAPI.dll". [d:\Software\Antigravity\Birooni Tools\Family Loader\2025\FamilyLoader.csproj]
C:\Program Files\dotnet\sdk\9.0.312\Microsoft.Common.CurrentVersion.targets(2433,5): warning MSB3277:             RevitAPI [d:\Software\Antigravity\Birooni Tools\Family Loader\2025\FamilyLoader.csproj]
C:\Program Files\dotnet\sdk\9.0.312\Microsoft.Common.CurrentVersion.targets(2433,5): warning MSB3277:             RevitAPIUI [d:\Software\Antigravity\Birooni Tools\Family Loader\2025\FamilyLoader.csproj]
C:\Program Files\dotnet\sdk\9.0.312\Microsoft.Common.CurrentVersion.targets(2433,5): warning MSB3277:         C:\Program Files\Autodesk\Revit 2025\IntfATFAPI.dll [d:\Software\Antigravity\Birooni Tools\Family Loader\2025\FamilyLoader.csproj]
C:\Program Files\dotnet\sdk\9.0.312\Microsoft.Common.CurrentVersion.targets(2433,5): warning MSB3277:           Project file item includes which caused reference "C:\Program Files\Autodesk\Revit 2025\IntfATFAPI.dll". [d:\Software\Antigravity\Birooni Tools\Family Loader\2025\FamilyLoader.csproj]
C:\Program Files\dotnet\sdk\9.0.312\Microsoft.Common.CurrentVersion.targets(2433,5): warning MSB3277:             RevitAPI [d:\Software\Antigravity\Birooni Tools\Family Loader\2025\FamilyLoader.csproj]
C:\Program Files\dotnet\sdk\9.0.312\Microsoft.Common.CurrentVersion.targets(2433,5): warning MSB3277:             RevitAPIUI [d:\Software\Antigravity\Birooni Tools\Family Loader\2025\FamilyLoader.csproj]
C:\Program Files\dotnet\sdk\9.0.312\Microsoft.Common.CurrentVersion.targets(2433,5): warning MSB3277:         C:\Program Files\Autodesk\Revit 2025\TextEngineAPI.dll [d:\Software\Antigravity\Birooni Tools\Family Loader\2025\FamilyLoader.csproj]
C:\Program Files\dotnet\sdk\9.0.312\Microsoft.Common.CurrentVersion.targets(2433,5): warning MSB3277:           Project file item includes which caused reference "C:\Program Files\Autodesk\Revit 2025\TextEngineAPI.dll". [d:\Software\Antigravity\Birooni Tools\Family Loader\2025\FamilyLoader.csproj]
C:\Program Files\dotnet\sdk\9.0.312\Microsoft.Common.CurrentVersion.targets(2433,5): warning MSB3277:             RevitAPI [d:\Software\Antigravity\Birooni Tools\Family Loader\2025\FamilyLoader.csproj]
C:\Program Files\dotnet\sdk\9.0.312\Microsoft.Common.CurrentVersion.targets(2433,5): warning MSB3277:             RevitAPIUI [d:\Software\Antigravity\Birooni Tools\Family Loader\2025\FamilyLoader.csproj]
C:\Program Files\dotnet\sdk\9.0.312\Microsoft.Common.CurrentVersion.targets(2433,5): warning MSB3277:         C:\Program Files\Autodesk\Revit 2025\InfrastructureDBAPI.dll [d:\Software\Antigravity\Birooni Tools\Family Loader\2025\FamilyLoader.csproj]
C:\Program Files\dotnet\sdk\9.0.312\Microsoft.Common.CurrentVersion.targets(2433,5): warning MSB3277:           Project file item includes which caused reference "C:\Program Files\Autodesk\Revit 2025\InfrastructureDBAPI.dll". [d:\Software\Antigravity\Birooni Tools\Family Loader\2025\FamilyLoader.csproj]
C:\Program Files\dotnet\sdk\9.0.312\Microsoft.Common.CurrentVersion.targets(2433,5): warning MSB3277:             RevitAPI [d:\Software\Antigravity\Birooni Tools\Family Loader\2025\FamilyLoader.csproj]
C:\Program Files\dotnet\sdk\9.0.312\Microsoft.Common.CurrentVersion.targets(2433,5): warning MSB3277:             RevitAPIUI [d:\Software\Antigravity\Birooni Tools\Family Loader\2025\FamilyLoader.csproj]
C:\Program Files\dotnet\sdk\9.0.312\Microsoft.Common.CurrentVersion.targets(2433,5): warning MSB3277:         C:\Program Files\Autodesk\Revit 2025\ATFRevitCoreAPI.dll [d:\Software\Antigravity\Birooni Tools\Family Loader\2025\FamilyLoader.csproj]
C:\Program Files\dotnet\sdk\9.0.312\Microsoft.Common.CurrentVersion.targets(2433,5): warning MSB3277:           Project file item includes which caused reference "C:\Program Files\Autodesk\Revit 2025\ATFRevitCoreAPI.dll". [d:\Software\Antigravity\Birooni Tools\Family Loader\2025\FamilyLoader.csproj]
C:\Program Files\dotnet\sdk\9.0.312\Microsoft.Common.CurrentVersion.targets(2433,5): warning MSB3277:             RevitAPI [d:\Software\Antigravity\Birooni Tools\Family Loader\2025\FamilyLoader.csproj]
C:\Program Files\dotnet\sdk\9.0.312\Microsoft.Common.CurrentVersion.targets(2433,5): warning MSB3277:             RevitAPIUI [d:\Software\Antigravity\Birooni Tools\Family Loader\2025\FamilyLoader.csproj]
C:\Program Files\dotnet\sdk\9.0.312\Microsoft.Common.CurrentVersion.targets(2433,5): warning MSB3277:         C:\Program Files\Autodesk\Revit 2025\DBManagedServices.dll [d:\Software\Antigravity\Birooni Tools\Family Loader\2025\FamilyLoader.csproj]
C:\Program Files\dotnet\sdk\9.0.312\Microsoft.Common.CurrentVersion.targets(2433,5): warning MSB3277:           Project file item includes which caused reference "C:\Program Files\Autodesk\Revit 2025\DBManagedServices.dll". [d:\Software\Antigravity\Birooni Tools\Family Loader\2025\FamilyLoader.csproj]
C:\Program Files\dotnet\sdk\9.0.312\Microsoft.Common.CurrentVersion.targets(2433,5): warning MSB3277:             RevitAPI [d:\Software\Antigravity\Birooni Tools\Family Loader\2025\FamilyLoader.csproj]
C:\Program Files\dotnet\sdk\9.0.312\Microsoft.Common.CurrentVersion.targets(2433,5): warning MSB3277:             RevitAPIUI [d:\Software\Antigravity\Birooni Tools\Family Loader\2025\FamilyLoader.csproj]
C:\Program Files\dotnet\sdk\9.0.312\Microsoft.Common.CurrentVersion.targets(2433,5): warning MSB3277:         C:\Program Files\Autodesk\Revit 2025\APIInterop.dll [d:\Software\Antigravity\Birooni Tools\Family Loader\2025\FamilyLoader.csproj]
C:\Program Files\dotnet\sdk\9.0.312\Microsoft.Common.CurrentVersion.targets(2433,5): warning MSB3277:           Project file item includes which caused reference "C:\Program Files\Autodesk\Revit 2025\APIInterop.dll". [d:\Software\Antigravity\Birooni Tools\Family Loader\2025\FamilyLoader.csproj]
C:\Program Files\dotnet\sdk\9.0.312\Microsoft.Common.CurrentVersion.targets(2433,5): warning MSB3277:             RevitAPIUI [d:\Software\Antigravity\Birooni Tools\Family Loader\2025\FamilyLoader.csproj]
C:\Program Files\dotnet\sdk\9.0.312\Microsoft.Common.CurrentVersion.targets(2433,5): warning MSB3277:         C:\Program Files\Autodesk\Revit 2025\AddInManager.dll [d:\Software\Antigravity\Birooni Tools\Family Loader\2025\FamilyLoader.csproj]
C:\Program Files\dotnet\sdk\9.0.312\Microsoft.Common.CurrentVersion.targets(2433,5): warning MSB3277:           Project file item includes which caused reference "C:\Program Files\Autodesk\Revit 2025\AddInManager.dll". [d:\Software\Antigravity\Birooni Tools\Family Loader\2025\FamilyLoader.csproj]
C:\Program Files\dotnet\sdk\9.0.312\Microsoft.Common.CurrentVersion.targets(2433,5): warning MSB3277:             RevitAPIUI [d:\Software\Antigravity\Birooni Tools\Family Loader\2025\FamilyLoader.csproj]
C:\Program Files\dotnet\sdk\9.0.312\Microsoft.Common.CurrentVersion.targets(2433,5): warning MSB3277:         C:\Program Files\Autodesk\Revit 2025\RevitUIAPI.dll [d:\Software\Antigravity\Birooni Tools\Family Loader\2025\FamilyLoader.csproj]
C:\Program Files\dotnet\sdk\9.0.312\Microsoft.Common.CurrentVersion.targets(2433,5): warning MSB3277:           Project file item includes which caused reference "C:\Program Files\Autodesk\Revit 2025\RevitUIAPI.dll". [d:\Software\Antigravity\Birooni Tools\Family Loader\2025\FamilyLoader.csproj]
C:\Program Files\dotnet\sdk\9.0.312\Microsoft.Common.CurrentVersion.targets(2433,5): warning MSB3277:             RevitAPIUI [d:\Software\Antigravity\Birooni Tools\Family Loader\2025\FamilyLoader.csproj]
C:\Program Files\dotnet\sdk\9.0.312\Microsoft.Common.CurrentVersion.targets(2433,5): warning MSB3277:         C:\Program Files\Autodesk\Revit 2025\BuildingSystemsUIAPI.dll [d:\Software\Antigravity\Birooni Tools\Family Loader\2025\FamilyLoader.csproj]
C:\Program Files\dotnet\sdk\9.0.312\Microsoft.Common.CurrentVersion.targets(2433,5): warning MSB3277:           Project file item includes which caused reference "C:\Program Files\Autodesk\Revit 2025\BuildingSystemsUIAPI.dll". [d:\Software\Antigravity\Birooni Tools\Family Loader\2025\FamilyLoader.csproj]
C:\Program Files\dotnet\sdk\9.0.312\Microsoft.Common.CurrentVersion.targets(2433,5): warning MSB3277:             RevitAPIUI [d:\Software\Antigravity\Birooni Tools\Family Loader\2025\FamilyLoader.csproj]
C:\Program Files\dotnet\sdk\9.0.312\Microsoft.Common.CurrentVersion.targets(2433,5): warning MSB3277:         C:\Program Files\Autodesk\Revit 2025\DesktopMFCAPI.dll [d:\Software\Antigravity\Birooni Tools\Family Loader\2025\FamilyLoader.csproj]
C:\Program Files\dotnet\sdk\9.0.312\Microsoft.Common.CurrentVersion.targets(2433,5): warning MSB3277:           Project file item includes which caused reference "C:\Program Files\Autodesk\Revit 2025\DesktopMFCAPI.dll". [d:\Software\Antigravity\Birooni Tools\Family Loader\2025\FamilyLoader.csproj]
C:\Program Files\dotnet\sdk\9.0.312\Microsoft.Common.CurrentVersion.targets(2433,5): warning MSB3277:             RevitAPIUI [d:\Software\Antigravity\Birooni Tools\Family Loader\2025\FamilyLoader.csproj]
C:\Program Files\dotnet\sdk\9.0.312\Microsoft.Common.CurrentVersion.targets(2433,5): warning MSB3277:         C:\Program Files\Autodesk\Revit 2025\APIUIAPI.dll [d:\Software\Antigravity\Birooni Tools\Family Loader\2025\FamilyLoader.csproj]
C:\Program Files\dotnet\sdk\9.0.312\Microsoft.Common.CurrentVersion.targets(2433,5): warning MSB3277:           Project file item includes which caused reference "C:\Program Files\Autodesk\Revit 2025\APIUIAPI.dll". [d:\Software\Antigravity\Birooni Tools\Family Loader\2025\FamilyLoader.csproj]
C:\Program Files\dotnet\sdk\9.0.312\Microsoft.Common.CurrentVersion.targets(2433,5): warning MSB3277:             RevitAPIUI [d:\Software\Antigravity\Birooni Tools\Family Loader\2025\FamilyLoader.csproj]
C:\Program Files\dotnet\sdk\9.0.312\Microsoft.Common.CurrentVersion.targets(2433,5): warning MSB3277:         C:\Program Files\Autodesk\Revit 2025\RevitMFCAPI.dll [d:\Software\Antigravity\Birooni Tools\Family Loader\2025\FamilyLoader.csproj]
C:\Program Files\dotnet\sdk\9.0.312\Microsoft.Common.CurrentVersion.targets(2433,5): warning MSB3277:           Project file item includes which caused reference "C:\Program Files\Autodesk\Revit 2025\RevitMFCAPI.dll". [d:\Software\Antigravity\Birooni Tools\Family Loader\2025\FamilyLoader.csproj]
C:\Program Files\dotnet\sdk\9.0.312\Microsoft.Common.CurrentVersion.targets(2433,5): warning MSB3277:             RevitAPIUI [d:\Software\Antigravity\Birooni Tools\Family Loader\2025\FamilyLoader.csproj]
C:\Program Files\dotnet\sdk\9.0.312\Microsoft.Common.CurrentVersion.targets(2433,5): warning MSB3277:         C:\Program Files\Autodesk\Revit 2025\EssentialsUIAPI.dll [d:\Software\Antigravity\Birooni Tools\Family Loader\2025\FamilyLoader.csproj]
C:\Program Files\dotnet\sdk\9.0.312\Microsoft.Common.CurrentVersion.targets(2433,5): warning MSB3277:           Project file item includes which caused reference "C:\Program Files\Autodesk\Revit 2025\EssentialsUIAPI.dll". [d:\Software\Antigravity\Birooni Tools\Family Loader\2025\FamilyLoader.csproj]
C:\Program Files\dotnet\sdk\9.0.312\Microsoft.Common.CurrentVersion.targets(2433,5): warning MSB3277:             RevitAPIUI [d:\Software\Antigravity\Birooni Tools\Family Loader\2025\FamilyLoader.csproj]
C:\Program Files\dotnet\sdk\9.0.312\Microsoft.Common.CurrentVersion.targets(2433,5): warning MSB3277:         C:\Program Files\Autodesk\Revit 2025\DetailUIAPI.dll [d:\Software\Antigravity\Birooni Tools\Family Loader\2025\FamilyLoader.csproj]
C:\Program Files\dotnet\sdk\9.0.312\Microsoft.Common.CurrentVersion.targets(2433,5): warning MSB3277:           Project file item includes which caused reference "C:\Program Files\Autodesk\Revit 2025\DetailUIAPI.dll". [d:\Software\Antigravity\Birooni Tools\Family Loader\2025\FamilyLoader.csproj]
C:\Program Files\dotnet\sdk\9.0.312\Microsoft.Common.CurrentVersion.targets(2433,5): warning MSB3277:             RevitAPIUI [d:\Software\Antigravity\Birooni Tools\Family Loader\2025\FamilyLoader.csproj]
C:\Program Files\dotnet\sdk\9.0.312\Microsoft.Common.CurrentVersion.targets(2433,5): warning MSB3277:         C:\Program Files\Autodesk\Revit 2025\UIFrameworkServices.dll [d:\Software\Antigravity\Birooni Tools\Family Loader\2025\FamilyLoader.csproj]
C:\Program Files\dotnet\sdk\9.0.312\Microsoft.Common.CurrentVersion.targets(2433,5): warning MSB3277:           Project file item includes which caused reference "C:\Program Files\Autodesk\Revit 2025\UIFrameworkServices.dll". [d:\Software\Antigravity\Birooni Tools\Family Loader\2025\FamilyLoader.csproj]
C:\Program Files\dotnet\sdk\9.0.312\Microsoft.Common.CurrentVersion.targets(2433,5): warning MSB3277:             RevitAPIUI [d:\Software\Antigravity\Birooni Tools\Family Loader\2025\FamilyLoader.csproj]
C:\Program Files\dotnet\sdk\9.0.312\Microsoft.Common.CurrentVersion.targets(2433,5): warning MSB3277:         C:\Program Files\Autodesk\Revit 2025\SSONET.dll [d:\Software\Antigravity\Birooni Tools\Family Loader\2025\FamilyLoader.csproj]
C:\Program Files\dotnet\sdk\9.0.312\Microsoft.Common.CurrentVersion.targets(2433,5): warning MSB3277:           Project file item includes which caused reference "C:\Program Files\Autodesk\Revit 2025\SSONET.dll". [d:\Software\Antigravity\Birooni Tools\Family Loader\2025\FamilyLoader.csproj]
C:\Program Files\dotnet\sdk\9.0.312\Microsoft.Common.CurrentVersion.targets(2433,5): warning MSB3277:             RevitAPIUI [d:\Software\Antigravity\Birooni Tools\Family Loader\2025\FamilyLoader.csproj]
C:\Program Files\dotnet\sdk\9.0.312\Microsoft.Common.CurrentVersion.targets(2433,5): warning MSB3277:         C:\Program Files\Autodesk\Revit 2025\CefSharp.Core.Runtime.dll [d:\Software\Antigravity\Birooni Tools\Family Loader\2025\FamilyLoader.csproj]
C:\Program Files\dotnet\sdk\9.0.312\Microsoft.Common.CurrentVersion.targets(2433,5): warning MSB3277:           Project file item includes which caused reference "C:\Program Files\Autodesk\Revit 2025\CefSharp.Core.Runtime.dll". [d:\Software\Antigravity\Birooni Tools\Family Loader\2025\FamilyLoader.csproj]
C:\Program Files\dotnet\sdk\9.0.312\Microsoft.Common.CurrentVersion.targets(2433,5): warning MSB3277:             RevitAPIUI [d:\Software\Antigravity\Birooni Tools\Family Loader\2025\FamilyLoader.csproj]
  FamilyLoader -> d:\Software\Antigravity\Birooni Tools\Family Loader\2025\bin\Debug\FamilyLoader.dll
  Deploying to Revit Addins folder: C:\Users\ameen\AppData\Roaming\Autodesk\Revit\Addins\2025\Family Loader

Build succeeded.

d:\Software\Antigravity\Birooni Tools\Family Loader\2025\FamilyLoader.csproj : warning NU1902: Package 'OpenMcdf' 2.2.1.9 has a known moderate severity vulnerability, https://github.com/advisories/GHSA-5qwm-7pvp-w988
d:\Software\Antigravity\Birooni Tools\Family Loader\2025\FamilyLoader.csproj : warning NU1902: Package 'OpenMcdf' 2.2.1.9 has a known moderate severity vulnerability, https://github.com/advisories/GHSA-jxpf-xq2m-q525
d:\Software\Antigravity\Birooni Tools\Family Loader\2025\FamilyLoader.csproj : warning NU1902: Package 'OpenMcdf' 2.2.1.9 has a known moderate severity vulnerability, https://github.com/advisories/GHSA-5qwm-7pvp-w988
d:\Software\Antigravity\Birooni Tools\Family Loader\2025\FamilyLoader.csproj : warning NU1902: Package 'OpenMcdf' 2.2.1.9 has a known moderate severity vulnerability, https://github.com/advisories/GHSA-jxpf-xq2m-q525
C:\Program Files\dotnet\sdk\9.0.312\Microsoft.Common.CurrentVersion.targets(2433,5): warning MSB3277: Found conflicts between different versions of "Microsoft.VisualBasic" that could not be resolved. [d:\Software\Antigravity\Birooni Tools\Family Loader\2025\FamilyLoader.csproj]
C:\Program Files\dotnet\sdk\9.0.312\Microsoft.Common.CurrentVersion.targets(2433,5): warning MSB3277: There was a conflict between "Microsoft.VisualBasic, Version=10.0.0.0, Culture=neutral, PublicKeyToken=b03f5f7f11d50a3a" and "Microsoft.VisualBasic, Version=10.1.0.0, Culture=neutral, PublicKeyToken=b03f5f7f11d50a3a". [d:\Software\Antigravity\Birooni Tools\Family Loader\2025\FamilyLoader.csproj]
C:\Program Files\dotnet\sdk\9.0.312\Microsoft.Common.CurrentVersion.targets(2433,5): warning MSB3277:     "Microsoft.VisualBasic, Version=10.0.0.0, Culture=neutral, PublicKeyToken=b03f5f7f11d50a3a" was chosen because it was primary and "Microsoft.VisualBasic, Version=10.1.0.0, Culture=neutral, PublicKeyToken=b03f5f7f11d50a3a" was not. [d:\Software\Antigravity\Birooni Tools\Family Loader\2025\FamilyLoader.csproj]
C:\Program Files\dotnet\sdk\9.0.312\Microsoft.Common.CurrentVersion.targets(2433,5): warning MSB3277:     References which depend on "Microsoft.VisualBasic, Version=10.0.0.0, Culture=neutral, PublicKeyToken=b03f5f7f11d50a3a" [C:\Program Files\dotnet\packs\Microsoft.NETCore.App.Ref\8.0.25\ref\net8.0\Microsoft.VisualBasic.dll]. [d:\Software\Antigravity\Birooni Tools\Family Loader\2025\FamilyLoader.csproj]
C:\Program Files\dotnet\sdk\9.0.312\Microsoft.Common.CurrentVersion.targets(2433,5): warning MSB3277:         C:\Program Files\dotnet\packs\Microsoft.NETCore.App.Ref\8.0.25\ref\net8.0\Microsoft.VisualBasic.dll [d:\Software\Antigravity\Birooni Tools\Family Loader\2025\FamilyLoader.csproj]
C:\Program Files\dotnet\sdk\9.0.312\Microsoft.Common.CurrentVersion.targets(2433,5): warning MSB3277:           Project file item includes which caused reference "C:\Program Files\dotnet\packs\Microsoft.NETCore.App.Ref\8.0.25\ref\net8.0\Microsoft.VisualBasic.dll". [d:\Software\Antigravity\Birooni Tools\Family Loader\2025\FamilyLoader.csproj]
C:\Program Files\dotnet\sdk\9.0.312\Microsoft.Common.CurrentVersion.targets(2433,5): warning MSB3277:             C:\Program Files\dotnet\packs\Microsoft.NETCore.App.Ref\8.0.25\ref/net8.0/Microsoft.VisualBasic.dll [d:\Software\Antigravity\Birooni Tools\Family Loader\2025\FamilyLoader.csproj]
C:\Program Files\dotnet\sdk\9.0.312\Microsoft.Common.CurrentVersion.targets(2433,5): warning MSB3277:     References which depend on or have been unified to "Microsoft.VisualBasic, Version=10.1.0.0, Culture=neutral, PublicKeyToken=b03f5f7f11d50a3a" []. [d:\Software\Antigravity\Birooni Tools\Family Loader\2025\FamilyLoader.csproj]
C:\Program Files\dotnet\sdk\9.0.312\Microsoft.Common.CurrentVersion.targets(2433,5): warning MSB3277:         C:\Program Files\Autodesk\Revit 2025\RevitAPI.dll [d:\Software\Antigravity\Birooni Tools\Family Loader\2025\FamilyLoader.csproj]
C:\Program Files\dotnet\sdk\9.0.312\Microsoft.Common.CurrentVersion.targets(2433,5): warning MSB3277:           Project file item includes which caused reference "C:\Program Files\Autodesk\Revit 2025\RevitAPI.dll". [d:\Software\Antigravity\Birooni Tools\Family Loader\2025\FamilyLoader.csproj]
C:\Program Files\dotnet\sdk\9.0.312\Microsoft.Common.CurrentVersion.targets(2433,5): warning MSB3277:             RevitAPI [d:\Software\Antigravity\Birooni Tools\Family Loader\2025\FamilyLoader.csproj]
C:\Program Files\dotnet\sdk\9.0.312\Microsoft.Common.CurrentVersion.targets(2433,5): warning MSB3277:             RevitAPIUI [d:\Software\Antigravity\Birooni Tools\Family Loader\2025\FamilyLoader.csproj]
C:\Program Files\dotnet\sdk\9.0.312\Microsoft.Common.CurrentVersion.targets(2433,5): warning MSB3277:         C:\Program Files\Autodesk\Revit 2025\RevitAPIUI.dll [d:\Software\Antigravity\Birooni Tools\Family Loader\2025\FamilyLoader.csproj]
C:\Program Files\dotnet\sdk\9.0.312\Microsoft.Common.CurrentVersion.targets(2433,5): warning MSB3277:           Project file item includes which caused reference "C:\Program Files\Autodesk\Revit 2025\RevitAPIUI.dll". [d:\Software\Antigravity\Birooni Tools\Family Loader\2025\FamilyLoader.csproj]
C:\Program Files\dotnet\sdk\9.0.312\Microsoft.Common.CurrentVersion.targets(2433,5): warning MSB3277:             RevitAPIUI [d:\Software\Antigravity\Birooni Tools\Family Loader\2025\FamilyLoader.csproj]
C:\Program Files\dotnet\sdk\9.0.312\Microsoft.Common.CurrentVersion.targets(2433,5): warning MSB3277:         C:\Program Files\Autodesk\Revit 2025\AdskRcManaged.dll [d:\Software\Antigravity\Birooni Tools\Family Loader\2025\FamilyLoader.csproj]
C:\Program Files\dotnet\sdk\9.0.312\Microsoft.Common.CurrentVersion.targets(2433,5): warning MSB3277:           Project file item includes which caused reference "C:\Program Files\Autodesk\Revit 2025\AdskRcManaged.dll". [d:\Software\Antigravity\Birooni Tools\Family Loader\2025\FamilyLoader.csproj]
C:\Program Files\dotnet\sdk\9.0.312\Microsoft.Common.CurrentVersion.targets(2433,5): warning MSB3277:             RevitAPI [d:\Software\Antigravity\Birooni Tools\Family Loader\2025\FamilyLoader.csproj]
C:\Program Files\dotnet\sdk\9.0.312\Microsoft.Common.CurrentVersion.targets(2433,5): warning MSB3277:             RevitAPIUI [d:\Software\Antigravity\Birooni Tools\Family Loader\2025\FamilyLoader.csproj]
C:\Program Files\dotnet\sdk\9.0.312\Microsoft.Common.CurrentVersion.targets(2433,5): warning MSB3277:         C:\Program Files\Autodesk\Revit 2025\RevitAPIFoundation.dll [d:\Software\Antigravity\Birooni Tools\Family Loader\2025\FamilyLoader.csproj]
C:\Program Files\dotnet\sdk\9.0.312\Microsoft.Common.CurrentVersion.targets(2433,5): warning MSB3277:           Project file item includes which caused reference "C:\Program Files\Autodesk\Revit 2025\RevitAPIFoundation.dll". [d:\Software\Antigravity\Birooni Tools\Family Loader\2025\FamilyLoader.csproj]
C:\Program Files\dotnet\sdk\9.0.312\Microsoft.Common.CurrentVersion.targets(2433,5): warning MSB3277:             RevitAPI [d:\Software\Antigravity\Birooni Tools\Family Loader\2025\FamilyLoader.csproj]
C:\Program Files\dotnet\sdk\9.0.312\Microsoft.Common.CurrentVersion.targets(2433,5): warning MSB3277:             RevitAPIUI [d:\Software\Antigravity\Birooni Tools\Family Loader\2025\FamilyLoader.csproj]
C:\Program Files\dotnet\sdk\9.0.312\Microsoft.Common.CurrentVersion.targets(2433,5): warning MSB3277:         C:\Program Files\Autodesk\Revit 2025\RevitDBAPI.dll [d:\Software\Antigravity\Birooni Tools\Family Loader\2025\FamilyLoader.csproj]
C:\Program Files\dotnet\sdk\9.0.312\Microsoft.Common.CurrentVersion.targets(2433,5): warning MSB3277:           Project file item includes which caused reference "C:\Program Files\Autodesk\Revit 2025\RevitDBAPI.dll". [d:\Software\Antigravity\Birooni Tools\Family Loader\2025\FamilyLoader.csproj]
C:\Program Files\dotnet\sdk\9.0.312\Microsoft.Common.CurrentVersion.targets(2433,5): warning MSB3277:             RevitAPI [d:\Software\Antigravity\Birooni Tools\Family Loader\2025\FamilyLoader.csproj]
C:\Program Files\dotnet\sdk\9.0.312\Microsoft.Common.CurrentVersion.targets(2433,5): warning MSB3277:             RevitAPIUI [d:\Software\Antigravity\Birooni Tools\Family Loader\2025\FamilyLoader.csproj]
C:\Program Files\dotnet\sdk\9.0.312\Microsoft.Common.CurrentVersion.targets(2433,5): warning MSB3277:         C:\Program Files\Autodesk\Revit 2025\RevitDBCoreAPI.dll [d:\Software\Antigravity\Birooni Tools\Family Loader\2025\FamilyLoader.csproj]
C:\Program Files\dotnet\sdk\9.0.312\Microsoft.Common.CurrentVersion.targets(2433,5): warning MSB3277:           Project file item includes which caused reference "C:\Program Files\Autodesk\Revit 2025\RevitDBCoreAPI.dll". [d:\Software\Antigravity\Birooni Tools\Family Loader\2025\FamilyLoader.csproj]
C:\Program Files\dotnet\sdk\9.0.312\Microsoft.Common.CurrentVersion.targets(2433,5): warning MSB3277:             RevitAPI [d:\Software\Antigravity\Birooni Tools\Family Loader\2025\FamilyLoader.csproj]
C:\Program Files\dotnet\sdk\9.0.312\Microsoft.Common.CurrentVersion.targets(2433,5): warning MSB3277:             RevitAPIUI [d:\Software\Antigravity\Birooni Tools\Family Loader\2025\FamilyLoader.csproj]
C:\Program Files\dotnet\sdk\9.0.312\Microsoft.Common.CurrentVersion.targets(2433,5): warning MSB3277:         C:\Program Files\Autodesk\Revit 2025\PersistenceDBAPI.dll [d:\Software\Antigravity\Birooni Tools\Family Loader\2025\FamilyLoader.csproj]
C:\Program Files\dotnet\sdk\9.0.312\Microsoft.Common.CurrentVersion.targets(2433,5): warning MSB3277:           Project file item includes which caused reference "C:\Program Files\Autodesk\Revit 2025\PersistenceDBAPI.dll". [d:\Software\Antigravity\Birooni Tools\Family Loader\2025\FamilyLoader.csproj]
C:\Program Files\dotnet\sdk\9.0.312\Microsoft.Common.CurrentVersion.targets(2433,5): warning MSB3277:             RevitAPI [d:\Software\Antigravity\Birooni Tools\Family Loader\2025\FamilyLoader.csproj]
C:\Program Files\dotnet\sdk\9.0.312\Microsoft.Common.CurrentVersion.targets(2433,5): warning MSB3277:             RevitAPIUI [d:\Software\Antigravity\Birooni Tools\Family Loader\2025\FamilyLoader.csproj]
C:\Program Files\dotnet\sdk\9.0.312\Microsoft.Common.CurrentVersion.targets(2433,5): warning MSB3277:         C:\Program Files\Autodesk\Revit 2025\UtilityAPI.dll [d:\Software\Antigravity\Birooni Tools\Family Loader\2025\FamilyLoader.csproj]
C:\Program Files\dotnet\sdk\9.0.312\Microsoft.Common.CurrentVersion.targets(2433,5): warning MSB3277:           Project file item includes which caused reference "C:\Program Files\Autodesk\Revit 2025\UtilityAPI.dll". [d:\Software\Antigravity\Birooni Tools\Family Loader\2025\FamilyLoader.csproj]
C:\Program Files\dotnet\sdk\9.0.312\Microsoft.Common.CurrentVersion.targets(2433,5): warning MSB3277:             RevitAPI [d:\Software\Antigravity\Birooni Tools\Family Loader\2025\FamilyLoader.csproj]
C:\Program Files\dotnet\sdk\9.0.312\Microsoft.Common.CurrentVersion.targets(2433,5): warning MSB3277:             RevitAPIUI [d:\Software\Antigravity\Birooni Tools\Family Loader\2025\FamilyLoader.csproj]
C:\Program Files\dotnet\sdk\9.0.312\Microsoft.Common.CurrentVersion.targets(2433,5): warning MSB3277:         C:\Program Files\Autodesk\Revit 2025\APIDBAPI.dll [d:\Software\Antigravity\Birooni Tools\Family Loader\2025\FamilyLoader.csproj]
C:\Program Files\dotnet\sdk\9.0.312\Microsoft.Common.CurrentVersion.targets(2433,5): warning MSB3277:           Project file item includes which caused reference "C:\Program Files\Autodesk\Revit 2025\APIDBAPI.dll". [d:\Software\Antigravity\Birooni Tools\Family Loader\2025\FamilyLoader.csproj]
C:\Program Files\dotnet\sdk\9.0.312\Microsoft.Common.CurrentVersion.targets(2433,5): warning MSB3277:             RevitAPI [d:\Software\Antigravity\Birooni Tools\Family Loader\2025\FamilyLoader.csproj]
C:\Program Files\dotnet\sdk\9.0.312\Microsoft.Common.CurrentVersion.targets(2433,5): warning MSB3277:             RevitAPIUI [d:\Software\Antigravity\Birooni Tools\Family Loader\2025\FamilyLoader.csproj]
C:\Program Files\dotnet\sdk\9.0.312\Microsoft.Common.CurrentVersion.targets(2433,5): warning MSB3277:         C:\Program Files\Autodesk\Revit 2025\GraphicsAPI.dll [d:\Software\Antigravity\Birooni Tools\Family Loader\2025\FamilyLoader.csproj]
C:\Program Files\dotnet\sdk\9.0.312\Microsoft.Common.CurrentVersion.targets(2433,5): warning MSB3277:           Project file item includes which caused reference "C:\Program Files\Autodesk\Revit 2025\GraphicsAPI.dll". [d:\Software\Antigravity\Birooni Tools\Family Loader\2025\FamilyLoader.csproj]
C:\Program Files\dotnet\sdk\9.0.312\Microsoft.Common.CurrentVersion.targets(2433,5): warning MSB3277:             RevitAPI [d:\Software\Antigravity\Birooni Tools\Family Loader\2025\FamilyLoader.csproj]
C:\Program Files\dotnet\sdk\9.0.312\Microsoft.Common.CurrentVersion.targets(2433,5): warning MSB3277:             RevitAPIUI [d:\Software\Antigravity\Birooni Tools\Family Loader\2025\FamilyLoader.csproj]
C:\Program Files\dotnet\sdk\9.0.312\Microsoft.Common.CurrentVersion.targets(2433,5): warning MSB3277:         C:\Program Files\Autodesk\Revit 2025\ElementGroupDBAPI.dll [d:\Software\Antigravity\Birooni Tools\Family Loader\2025\FamilyLoader.csproj]
C:\Program Files\dotnet\sdk\9.0.312\Microsoft.Common.CurrentVersion.targets(2433,5): warning MSB3277:           Project file item includes which caused reference "C:\Program Files\Autodesk\Revit 2025\ElementGroupDBAPI.dll". [d:\Software\Antigravity\Birooni Tools\Family Loader\2025\FamilyLoader.csproj]
C:\Program Files\dotnet\sdk\9.0.312\Microsoft.Common.CurrentVersion.targets(2433,5): warning MSB3277:             RevitAPI [d:\Software\Antigravity\Birooni Tools\Family Loader\2025\FamilyLoader.csproj]
C:\Program Files\dotnet\sdk\9.0.312\Microsoft.Common.CurrentVersion.targets(2433,5): warning MSB3277:             RevitAPIUI [d:\Software\Antigravity\Birooni Tools\Family Loader\2025\FamilyLoader.csproj]
C:\Program Files\dotnet\sdk\9.0.312\Microsoft.Common.CurrentVersion.targets(2433,5): warning MSB3277:         C:\Program Files\Autodesk\Revit 2025\EssentialsDBAPI.dll [d:\Software\Antigravity\Birooni Tools\Family Loader\2025\FamilyLoader.csproj]
C:\Program Files\dotnet\sdk\9.0.312\Microsoft.Common.CurrentVersion.targets(2433,5): warning MSB3277:           Project file item includes which caused reference "C:\Program Files\Autodesk\Revit 2025\EssentialsDBAPI.dll". [d:\Software\Antigravity\Birooni Tools\Family Loader\2025\FamilyLoader.csproj]
C:\Program Files\dotnet\sdk\9.0.312\Microsoft.Common.CurrentVersion.targets(2433,5): warning MSB3277:             RevitAPI [d:\Software\Antigravity\Birooni Tools\Family Loader\2025\FamilyLoader.csproj]
C:\Program Files\dotnet\sdk\9.0.312\Microsoft.Common.CurrentVersion.targets(2433,5): warning MSB3277:             RevitAPIUI [d:\Software\Antigravity\Birooni Tools\Family Loader\2025\FamilyLoader.csproj]
C:\Program Files\dotnet\sdk\9.0.312\Microsoft.Common.CurrentVersion.targets(2433,5): warning MSB3277:         C:\Program Files\Autodesk\Revit 2025\GeomUtilAPI.dll [d:\Software\Antigravity\Birooni Tools\Family Loader\2025\FamilyLoader.csproj]
C:\Program Files\dotnet\sdk\9.0.312\Microsoft.Common.CurrentVersion.targets(2433,5): warning MSB3277:           Project file item includes which caused reference "C:\Program Files\Autodesk\Revit 2025\GeomUtilAPI.dll". [d:\Software\Antigravity\Birooni Tools\Family Loader\2025\FamilyLoader.csproj]
C:\Program Files\dotnet\sdk\9.0.312\Microsoft.Common.CurrentVersion.targets(2433,5): warning MSB3277:             RevitAPI [d:\Software\Antigravity\Birooni Tools\Family Loader\2025\FamilyLoader.csproj]
C:\Program Files\dotnet\sdk\9.0.312\Microsoft.Common.CurrentVersion.targets(2433,5): warning MSB3277:             RevitAPIUI [d:\Software\Antigravity\Birooni Tools\Family Loader\2025\FamilyLoader.csproj]
C:\Program Files\dotnet\sdk\9.0.312\Microsoft.Common.CurrentVersion.targets(2433,5): warning MSB3277:         C:\Program Files\Autodesk\Revit 2025\FamilyDBAPI.dll [d:\Software\Antigravity\Birooni Tools\Family Loader\2025\FamilyLoader.csproj]
C:\Program Files\dotnet\sdk\9.0.312\Microsoft.Common.CurrentVersion.targets(2433,5): warning MSB3277:           Project file item includes which caused reference "C:\Program Files\Autodesk\Revit 2025\FamilyDBAPI.dll". [d:\Software\Antigravity\Birooni Tools\Family Loader\2025\FamilyLoader.csproj]
C:\Program Files\dotnet\sdk\9.0.312\Microsoft.Common.CurrentVersion.targets(2433,5): warning MSB3277:             RevitAPI [d:\Software\Antigravity\Birooni Tools\Family Loader\2025\FamilyLoader.csproj]
C:\Program Files\dotnet\sdk\9.0.312\Microsoft.Common.CurrentVersion.targets(2433,5): warning MSB3277:             RevitAPIUI [d:\Software\Antigravity\Birooni Tools\Family Loader\2025\FamilyLoader.csproj]
C:\Program Files\dotnet\sdk\9.0.312\Microsoft.Common.CurrentVersion.targets(2433,5): warning MSB3277:         C:\Program Files\Autodesk\Revit 2025\DetailDBAPI.dll [d:\Software\Antigravity\Birooni Tools\Family Loader\2025\FamilyLoader.csproj]
C:\Program Files\dotnet\sdk\9.0.312\Microsoft.Common.CurrentVersion.targets(2433,5): warning MSB3277:           Project file item includes which caused reference "C:\Program Files\Autodesk\Revit 2025\DetailDBAPI.dll". [d:\Software\Antigravity\Birooni Tools\Family Loader\2025\FamilyLoader.csproj]
C:\Program Files\dotnet\sdk\9.0.312\Microsoft.Common.CurrentVersion.targets(2433,5): warning MSB3277:             RevitAPI [d:\Software\Antigravity\Birooni Tools\Family Loader\2025\FamilyLoader.csproj]
C:\Program Files\dotnet\sdk\9.0.312\Microsoft.Common.CurrentVersion.targets(2433,5): warning MSB3277:             RevitAPIUI [d:\Software\Antigravity\Birooni Tools\Family Loader\2025\FamilyLoader.csproj]
C:\Program Files\dotnet\sdk\9.0.312\Microsoft.Common.CurrentVersion.targets(2433,5): warning MSB3277:         C:\Program Files\Autodesk\Revit 2025\CurtainGridFamilyDBAPI.dll [d:\Software\Antigravity\Birooni Tools\Family Loader\2025\FamilyLoader.csproj]
C:\Program Files\dotnet\sdk\9.0.312\Microsoft.Common.CurrentVersion.targets(2433,5): warning MSB3277:           Project file item includes which caused reference "C:\Program Files\Autodesk\Revit 2025\CurtainGridFamilyDBAPI.dll". [d:\Software\Antigravity\Birooni Tools\Family Loader\2025\FamilyLoader.csproj]
C:\Program Files\dotnet\sdk\9.0.312\Microsoft.Common.CurrentVersion.targets(2433,5): warning MSB3277:             RevitAPI [d:\Software\Antigravity\Birooni Tools\Family Loader\2025\FamilyLoader.csproj]
C:\Program Files\dotnet\sdk\9.0.312\Microsoft.Common.CurrentVersion.targets(2433,5): warning MSB3277:             RevitAPIUI [d:\Software\Antigravity\Birooni Tools\Family Loader\2025\FamilyLoader.csproj]
C:\Program Files\dotnet\sdk\9.0.312\Microsoft.Common.CurrentVersion.targets(2433,5): warning MSB3277:         C:\Program Files\Autodesk\Revit 2025\ArrayElemsDBAPI.dll [d:\Software\Antigravity\Birooni Tools\Family Loader\2025\FamilyLoader.csproj]
C:\Program Files\dotnet\sdk\9.0.312\Microsoft.Common.CurrentVersion.targets(2433,5): warning MSB3277:           Project file item includes which caused reference "C:\Program Files\Autodesk\Revit 2025\ArrayElemsDBAPI.dll". [d:\Software\Antigravity\Birooni Tools\Family Loader\2025\FamilyLoader.csproj]
C:\Program Files\dotnet\sdk\9.0.312\Microsoft.Common.CurrentVersion.targets(2433,5): warning MSB3277:             RevitAPI [d:\Software\Antigravity\Birooni Tools\Family Loader\2025\FamilyLoader.csproj]
C:\Program Files\dotnet\sdk\9.0.312\Microsoft.Common.CurrentVersion.targets(2433,5): warning MSB3277:             RevitAPIUI [d:\Software\Antigravity\Birooni Tools\Family Loader\2025\FamilyLoader.csproj]
C:\Program Files\dotnet\sdk\9.0.312\Microsoft.Common.CurrentVersion.targets(2433,5): warning MSB3277:         C:\Program Files\Autodesk\Revit 2025\EnergyAnalysisDBAPI.dll [d:\Software\Antigravity\Birooni Tools\Family Loader\2025\FamilyLoader.csproj]
C:\Program Files\dotnet\sdk\9.0.312\Microsoft.Common.CurrentVersion.targets(2433,5): warning MSB3277:           Project file item includes which caused reference "C:\Program Files\Autodesk\Revit 2025\EnergyAnalysisDBAPI.dll". [d:\Software\Antigravity\Birooni Tools\Family Loader\2025\FamilyLoader.csproj]
C:\Program Files\dotnet\sdk\9.0.312\Microsoft.Common.CurrentVersion.targets(2433,5): warning MSB3277:             RevitAPI [d:\Software\Antigravity\Birooni Tools\Family Loader\2025\FamilyLoader.csproj]
C:\Program Files\dotnet\sdk\9.0.312\Microsoft.Common.CurrentVersion.targets(2433,5): warning MSB3277:             RevitAPIUI [d:\Software\Antigravity\Birooni Tools\Family Loader\2025\FamilyLoader.csproj]
C:\Program Files\dotnet\sdk\9.0.312\Microsoft.Common.CurrentVersion.targets(2433,5): warning MSB3277:         C:\Program Files\Autodesk\Revit 2025\BuildingSystemsDBAPI.dll [d:\Software\Antigravity\Birooni Tools\Family Loader\2025\FamilyLoader.csproj]
C:\Program Files\dotnet\sdk\9.0.312\Microsoft.Common.CurrentVersion.targets(2433,5): warning MSB3277:           Project file item includes which caused reference "C:\Program Files\Autodesk\Revit 2025\BuildingSystemsDBAPI.dll". [d:\Software\Antigravity\Birooni Tools\Family Loader\2025\FamilyLoader.csproj]
C:\Program Files\dotnet\sdk\9.0.312\Microsoft.Common.CurrentVersion.targets(2433,5): warning MSB3277:             RevitAPI [d:\Software\Antigravity\Birooni Tools\Family Loader\2025\FamilyLoader.csproj]
C:\Program Files\dotnet\sdk\9.0.312\Microsoft.Common.CurrentVersion.targets(2433,5): warning MSB3277:             RevitAPIUI [d:\Software\Antigravity\Birooni Tools\Family Loader\2025\FamilyLoader.csproj]
C:\Program Files\dotnet\sdk\9.0.312\Microsoft.Common.CurrentVersion.targets(2433,5): warning MSB3277:         C:\Program Files\Autodesk\Revit 2025\HostObjDBAPI.dll [d:\Software\Antigravity\Birooni Tools\Family Loader\2025\FamilyLoader.csproj]
C:\Program Files\dotnet\sdk\9.0.312\Microsoft.Common.CurrentVersion.targets(2433,5): warning MSB3277:           Project file item includes which caused reference "C:\Program Files\Autodesk\Revit 2025\HostObjDBAPI.dll". [d:\Software\Antigravity\Birooni Tools\Family Loader\2025\FamilyLoader.csproj]
C:\Program Files\dotnet\sdk\9.0.312\Microsoft.Common.CurrentVersion.targets(2433,5): warning MSB3277:             RevitAPI [d:\Software\Antigravity\Birooni Tools\Family Loader\2025\FamilyLoader.csproj]
C:\Program Files\dotnet\sdk\9.0.312\Microsoft.Common.CurrentVersion.targets(2433,5): warning MSB3277:             RevitAPIUI [d:\Software\Antigravity\Birooni Tools\Family Loader\2025\FamilyLoader.csproj]
C:\Program Files\dotnet\sdk\9.0.312\Microsoft.Common.CurrentVersion.targets(2433,5): warning MSB3277:         C:\Program Files\Autodesk\Revit 2025\RoomAreaPlanDBAPI.dll [d:\Software\Antigravity\Birooni Tools\Family Loader\2025\FamilyLoader.csproj]
C:\Program Files\dotnet\sdk\9.0.312\Microsoft.Common.CurrentVersion.targets(2433,5): warning MSB3277:           Project file item includes which caused reference "C:\Program Files\Autodesk\Revit 2025\RoomAreaPlanDBAPI.dll". [d:\Software\Antigravity\Birooni Tools\Family Loader\2025\FamilyLoader.csproj]
C:\Program Files\dotnet\sdk\9.0.312\Microsoft.Common.CurrentVersion.targets(2433,5): warning MSB3277:             RevitAPI [d:\Software\Antigravity\Birooni Tools\Family Loader\2025\FamilyLoader.csproj]
C:\Program Files\dotnet\sdk\9.0.312\Microsoft.Common.CurrentVersion.targets(2433,5): warning MSB3277:             RevitAPIUI [d:\Software\Antigravity\Birooni Tools\Family Loader\2025\FamilyLoader.csproj]
C:\Program Files\dotnet\sdk\9.0.312\Microsoft.Common.CurrentVersion.targets(2433,5): warning MSB3277:         C:\Program Files\Autodesk\Revit 2025\SiteDBAPI.dll [d:\Software\Antigravity\Birooni Tools\Family Loader\2025\FamilyLoader.csproj]
C:\Program Files\dotnet\sdk\9.0.312\Microsoft.Common.CurrentVersion.targets(2433,5): warning MSB3277:           Project file item includes which caused reference "C:\Program Files\Autodesk\Revit 2025\SiteDBAPI.dll". [d:\Software\Antigravity\Birooni Tools\Family Loader\2025\FamilyLoader.csproj]
C:\Program Files\dotnet\sdk\9.0.312\Microsoft.Common.CurrentVersion.targets(2433,5): warning MSB3277:             RevitAPI [d:\Software\Antigravity\Birooni Tools\Family Loader\2025\FamilyLoader.csproj]
C:\Program Files\dotnet\sdk\9.0.312\Microsoft.Common.CurrentVersion.targets(2433,5): warning MSB3277:             RevitAPIUI [d:\Software\Antigravity\Birooni Tools\Family Loader\2025\FamilyLoader.csproj]
C:\Program Files\dotnet\sdk\9.0.312\Microsoft.Common.CurrentVersion.targets(2433,5): warning MSB3277:         C:\Program Files\Autodesk\Revit 2025\SculptingDBAPI.dll [d:\Software\Antigravity\Birooni Tools\Family Loader\2025\FamilyLoader.csproj]
C:\Program Files\dotnet\sdk\9.0.312\Microsoft.Common.CurrentVersion.targets(2433,5): warning MSB3277:           Project file item includes which caused reference "C:\Program Files\Autodesk\Revit 2025\SculptingDBAPI.dll". [d:\Software\Antigravity\Birooni Tools\Family Loader\2025\FamilyLoader.csproj]
C:\Program Files\dotnet\sdk\9.0.312\Microsoft.Common.CurrentVersion.targets(2433,5): warning MSB3277:             RevitAPI [d:\Software\Antigravity\Birooni Tools\Family Loader\2025\FamilyLoader.csproj]
C:\Program Files\dotnet\sdk\9.0.312\Microsoft.Common.CurrentVersion.targets(2433,5): warning MSB3277:             RevitAPIUI [d:\Software\Antigravity\Birooni Tools\Family Loader\2025\FamilyLoader.csproj]
C:\Program Files\dotnet\sdk\9.0.312\Microsoft.Common.CurrentVersion.targets(2433,5): warning MSB3277:         C:\Program Files\Autodesk\Revit 2025\StructuralDBAPI.dll [d:\Software\Antigravity\Birooni Tools\Family Loader\2025\FamilyLoader.csproj]
C:\Program Files\dotnet\sdk\9.0.312\Microsoft.Common.CurrentVersion.targets(2433,5): warning MSB3277:           Project file item includes which caused reference "C:\Program Files\Autodesk\Revit 2025\StructuralDBAPI.dll". [d:\Software\Antigravity\Birooni Tools\Family Loader\2025\FamilyLoader.csproj]
C:\Program Files\dotnet\sdk\9.0.312\Microsoft.Common.CurrentVersion.targets(2433,5): warning MSB3277:             RevitAPI [d:\Software\Antigravity\Birooni Tools\Family Loader\2025\FamilyLoader.csproj]
C:\Program Files\dotnet\sdk\9.0.312\Microsoft.Common.CurrentVersion.targets(2433,5): warning MSB3277:             RevitAPIUI [d:\Software\Antigravity\Birooni Tools\Family Loader\2025\FamilyLoader.csproj]
C:\Program Files\dotnet\sdk\9.0.312\Microsoft.Common.CurrentVersion.targets(2433,5): warning MSB3277:         C:\Program Files\Autodesk\Revit 2025\InterfaceAPI.dll [d:\Software\Antigravity\Birooni Tools\Family Loader\2025\FamilyLoader.csproj]
C:\Program Files\dotnet\sdk\9.0.312\Microsoft.Common.CurrentVersion.targets(2433,5): warning MSB3277:           Project file item includes which caused reference "C:\Program Files\Autodesk\Revit 2025\InterfaceAPI.dll". [d:\Software\Antigravity\Birooni Tools\Family Loader\2025\FamilyLoader.csproj]
C:\Program Files\dotnet\sdk\9.0.312\Microsoft.Common.CurrentVersion.targets(2433,5): warning MSB3277:             RevitAPI [d:\Software\Antigravity\Birooni Tools\Family Loader\2025\FamilyLoader.csproj]
C:\Program Files\dotnet\sdk\9.0.312\Microsoft.Common.CurrentVersion.targets(2433,5): warning MSB3277:             RevitAPIUI [d:\Software\Antigravity\Birooni Tools\Family Loader\2025\FamilyLoader.csproj]
C:\Program Files\dotnet\sdk\9.0.312\Microsoft.Common.CurrentVersion.targets(2433,5): warning MSB3277:         C:\Program Files\Autodesk\Revit 2025\InterfaceUtilAPI.dll [d:\Software\Antigravity\Birooni Tools\Family Loader\2025\FamilyLoader.csproj]
C:\Program Files\dotnet\sdk\9.0.312\Microsoft.Common.CurrentVersion.targets(2433,5): warning MSB3277:           Project file item includes which caused reference "C:\Program Files\Autodesk\Revit 2025\InterfaceUtilAPI.dll". [d:\Software\Antigravity\Birooni Tools\Family Loader\2025\FamilyLoader.csproj]
C:\Program Files\dotnet\sdk\9.0.312\Microsoft.Common.CurrentVersion.targets(2433,5): warning MSB3277:             RevitAPI [d:\Software\Antigravity\Birooni Tools\Family Loader\2025\FamilyLoader.csproj]
C:\Program Files\dotnet\sdk\9.0.312\Microsoft.Common.CurrentVersion.targets(2433,5): warning MSB3277:             RevitAPIUI [d:\Software\Antigravity\Birooni Tools\Family Loader\2025\FamilyLoader.csproj]
C:\Program Files\dotnet\sdk\9.0.312\Microsoft.Common.CurrentVersion.targets(2433,5): warning MSB3277:         C:\Program Files\Autodesk\Revit 2025\RebarDBAPI.dll [d:\Software\Antigravity\Birooni Tools\Family Loader\2025\FamilyLoader.csproj]
C:\Program Files\dotnet\sdk\9.0.312\Microsoft.Common.CurrentVersion.targets(2433,5): warning MSB3277:           Project file item includes which caused reference "C:\Program Files\Autodesk\Revit 2025\RebarDBAPI.dll". [d:\Software\Antigravity\Birooni Tools\Family Loader\2025\FamilyLoader.csproj]
C:\Program Files\dotnet\sdk\9.0.312\Microsoft.Common.CurrentVersion.targets(2433,5): warning MSB3277:             RevitAPI [d:\Software\Antigravity\Birooni Tools\Family Loader\2025\FamilyLoader.csproj]
C:\Program Files\dotnet\sdk\9.0.312\Microsoft.Common.CurrentVersion.targets(2433,5): warning MSB3277:             RevitAPIUI [d:\Software\Antigravity\Birooni Tools\Family Loader\2025\FamilyLoader.csproj]
C:\Program Files\dotnet\sdk\9.0.312\Microsoft.Common.CurrentVersion.targets(2433,5): warning MSB3277:         C:\Program Files\Autodesk\Revit 2025\StructuralAnalysisDBAPI.dll [d:\Software\Antigravity\Birooni Tools\Family Loader\2025\FamilyLoader.csproj]
C:\Program Files\dotnet\sdk\9.0.312\Microsoft.Common.CurrentVersion.targets(2433,5): warning MSB3277:           Project file item includes which caused reference "C:\Program Files\Autodesk\Revit 2025\StructuralAnalysisDBAPI.dll". [d:\Software\Antigravity\Birooni Tools\Family Loader\2025\FamilyLoader.csproj]
C:\Program Files\dotnet\sdk\9.0.312\Microsoft.Common.CurrentVersion.targets(2433,5): warning MSB3277:             RevitAPI [d:\Software\Antigravity\Birooni Tools\Family Loader\2025\FamilyLoader.csproj]
C:\Program Files\dotnet\sdk\9.0.312\Microsoft.Common.CurrentVersion.targets(2433,5): warning MSB3277:             RevitAPIUI [d:\Software\Antigravity\Birooni Tools\Family Loader\2025\FamilyLoader.csproj]
C:\Program Files\dotnet\sdk\9.0.312\Microsoft.Common.CurrentVersion.targets(2433,5): warning MSB3277:         C:\Program Files\Autodesk\Revit 2025\MassingDBAPI.dll [d:\Software\Antigravity\Birooni Tools\Family Loader\2025\FamilyLoader.csproj]
C:\Program Files\dotnet\sdk\9.0.312\Microsoft.Common.CurrentVersion.targets(2433,5): warning MSB3277:           Project file item includes which caused reference "C:\Program Files\Autodesk\Revit 2025\MassingDBAPI.dll". [d:\Software\Antigravity\Birooni Tools\Family Loader\2025\FamilyLoader.csproj]
C:\Program Files\dotnet\sdk\9.0.312\Microsoft.Common.CurrentVersion.targets(2433,5): warning MSB3277:             RevitAPI [d:\Software\Antigravity\Birooni Tools\Family Loader\2025\FamilyLoader.csproj]
C:\Program Files\dotnet\sdk\9.0.312\Microsoft.Common.CurrentVersion.targets(2433,5): warning MSB3277:             RevitAPIUI [d:\Software\Antigravity\Birooni Tools\Family Loader\2025\FamilyLoader.csproj]
C:\Program Files\dotnet\sdk\9.0.312\Microsoft.Common.CurrentVersion.targets(2433,5): warning MSB3277:         C:\Program Files\Autodesk\Revit 2025\AssemblyDBAPI.dll [d:\Software\Antigravity\Birooni Tools\Family Loader\2025\FamilyLoader.csproj]
C:\Program Files\dotnet\sdk\9.0.312\Microsoft.Common.CurrentVersion.targets(2433,5): warning MSB3277:           Project file item includes which caused reference "C:\Program Files\Autodesk\Revit 2025\AssemblyDBAPI.dll". [d:\Software\Antigravity\Birooni Tools\Family Loader\2025\FamilyLoader.csproj]
C:\Program Files\dotnet\sdk\9.0.312\Microsoft.Common.CurrentVersion.targets(2433,5): warning MSB3277:             RevitAPI [d:\Software\Antigravity\Birooni Tools\Family Loader\2025\FamilyLoader.csproj]
C:\Program Files\dotnet\sdk\9.0.312\Microsoft.Common.CurrentVersion.targets(2433,5): warning MSB3277:             RevitAPIUI [d:\Software\Antigravity\Birooni Tools\Family Loader\2025\FamilyLoader.csproj]
C:\Program Files\dotnet\sdk\9.0.312\Microsoft.Common.CurrentVersion.targets(2433,5): warning MSB3277:         C:\Program Files\Autodesk\Revit 2025\DPartDBAPI.dll [d:\Software\Antigravity\Birooni Tools\Family Loader\2025\FamilyLoader.csproj]
C:\Program Files\dotnet\sdk\9.0.312\Microsoft.Common.CurrentVersion.targets(2433,5): warning MSB3277:           Project file item includes which caused reference "C:\Program Files\Autodesk\Revit 2025\DPartDBAPI.dll". [d:\Software\Antigravity\Birooni Tools\Family Loader\2025\FamilyLoader.csproj]
C:\Program Files\dotnet\sdk\9.0.312\Microsoft.Common.CurrentVersion.targets(2433,5): warning MSB3277:             RevitAPI [d:\Software\Antigravity\Birooni Tools\Family Loader\2025\FamilyLoader.csproj]
C:\Program Files\dotnet\sdk\9.0.312\Microsoft.Common.CurrentVersion.targets(2433,5): warning MSB3277:             RevitAPIUI [d:\Software\Antigravity\Birooni Tools\Family Loader\2025\FamilyLoader.csproj]
C:\Program Files\dotnet\sdk\9.0.312\Microsoft.Common.CurrentVersion.targets(2433,5): warning MSB3277:         C:\Program Files\Autodesk\Revit 2025\NumberingDBAPI.dll [d:\Software\Antigravity\Birooni Tools\Family Loader\2025\FamilyLoader.csproj]
C:\Program Files\dotnet\sdk\9.0.312\Microsoft.Common.CurrentVersion.targets(2433,5): warning MSB3277:           Project file item includes which caused reference "C:\Program Files\Autodesk\Revit 2025\NumberingDBAPI.dll". [d:\Software\Antigravity\Birooni Tools\Family Loader\2025\FamilyLoader.csproj]
C:\Program Files\dotnet\sdk\9.0.312\Microsoft.Common.CurrentVersion.targets(2433,5): warning MSB3277:             RevitAPI [d:\Software\Antigravity\Birooni Tools\Family Loader\2025\FamilyLoader.csproj]
C:\Program Files\dotnet\sdk\9.0.312\Microsoft.Common.CurrentVersion.targets(2433,5): warning MSB3277:             RevitAPIUI [d:\Software\Antigravity\Birooni Tools\Family Loader\2025\FamilyLoader.csproj]
C:\Program Files\dotnet\sdk\9.0.312\Microsoft.Common.CurrentVersion.targets(2433,5): warning MSB3277:         C:\Program Files\Autodesk\Revit 2025\PointCloudAccessAPI.dll [d:\Software\Antigravity\Birooni Tools\Family Loader\2025\FamilyLoader.csproj]
C:\Program Files\dotnet\sdk\9.0.312\Microsoft.Common.CurrentVersion.targets(2433,5): warning MSB3277:           Project file item includes which caused reference "C:\Program Files\Autodesk\Revit 2025\PointCloudAccessAPI.dll". [d:\Software\Antigravity\Birooni Tools\Family Loader\2025\FamilyLoader.csproj]
C:\Program Files\dotnet\sdk\9.0.312\Microsoft.Common.CurrentVersion.targets(2433,5): warning MSB3277:             RevitAPI [d:\Software\Antigravity\Birooni Tools\Family Loader\2025\FamilyLoader.csproj]
C:\Program Files\dotnet\sdk\9.0.312\Microsoft.Common.CurrentVersion.targets(2433,5): warning MSB3277:             RevitAPIUI [d:\Software\Antigravity\Birooni Tools\Family Loader\2025\FamilyLoader.csproj]
C:\Program Files\dotnet\sdk\9.0.312\Microsoft.Common.CurrentVersion.targets(2433,5): warning MSB3277:         C:\Program Files\Autodesk\Revit 2025\StairRampDBAPI.dll [d:\Software\Antigravity\Birooni Tools\Family Loader\2025\FamilyLoader.csproj]
C:\Program Files\dotnet\sdk\9.0.312\Microsoft.Common.CurrentVersion.targets(2433,5): warning MSB3277:           Project file item includes which caused reference "C:\Program Files\Autodesk\Revit 2025\StairRampDBAPI.dll". [d:\Software\Antigravity\Birooni Tools\Family Loader\2025\FamilyLoader.csproj]
C:\Program Files\dotnet\sdk\9.0.312\Microsoft.Common.CurrentVersion.targets(2433,5): warning MSB3277:             RevitAPI [d:\Software\Antigravity\Birooni Tools\Family Loader\2025\FamilyLoader.csproj]
C:\Program Files\dotnet\sdk\9.0.312\Microsoft.Common.CurrentVersion.targets(2433,5): warning MSB3277:             RevitAPIUI [d:\Software\Antigravity\Birooni Tools\Family Loader\2025\FamilyLoader.csproj]
C:\Program Files\dotnet\sdk\9.0.312\Microsoft.Common.CurrentVersion.targets(2433,5): warning MSB3277:         C:\Program Files\Autodesk\Revit 2025\AnalysisAppsDBAPI.dll [d:\Software\Antigravity\Birooni Tools\Family Loader\2025\FamilyLoader.csproj]
C:\Program Files\dotnet\sdk\9.0.312\Microsoft.Common.CurrentVersion.targets(2433,5): warning MSB3277:           Project file item includes which caused reference "C:\Program Files\Autodesk\Revit 2025\AnalysisAppsDBAPI.dll". [d:\Software\Antigravity\Birooni Tools\Family Loader\2025\FamilyLoader.csproj]
C:\Program Files\dotnet\sdk\9.0.312\Microsoft.Common.CurrentVersion.targets(2433,5): warning MSB3277:             RevitAPI [d:\Software\Antigravity\Birooni Tools\Family Loader\2025\FamilyLoader.csproj]
C:\Program Files\dotnet\sdk\9.0.312\Microsoft.Common.CurrentVersion.targets(2433,5): warning MSB3277:             RevitAPIUI [d:\Software\Antigravity\Birooni Tools\Family Loader\2025\FamilyLoader.csproj]
C:\Program Files\dotnet\sdk\9.0.312\Microsoft.Common.CurrentVersion.targets(2433,5): warning MSB3277:         C:\Program Files\Autodesk\Revit 2025\MaterialDBAPI.dll [d:\Software\Antigravity\Birooni Tools\Family Loader\2025\FamilyLoader.csproj]
C:\Program Files\dotnet\sdk\9.0.312\Microsoft.Common.CurrentVersion.targets(2433,5): warning MSB3277:           Project file item includes which caused reference "C:\Program Files\Autodesk\Revit 2025\MaterialDBAPI.dll". [d:\Software\Antigravity\Birooni Tools\Family Loader\2025\FamilyLoader.csproj]
C:\Program Files\dotnet\sdk\9.0.312\Microsoft.Common.CurrentVersion.targets(2433,5): warning MSB3277:             RevitAPI [d:\Software\Antigravity\Birooni Tools\Family Loader\2025\FamilyLoader.csproj]
C:\Program Files\dotnet\sdk\9.0.312\Microsoft.Common.CurrentVersion.targets(2433,5): warning MSB3277:             RevitAPIUI [d:\Software\Antigravity\Birooni Tools\Family Loader\2025\FamilyLoader.csproj]
C:\Program Files\dotnet\sdk\9.0.312\Microsoft.Common.CurrentVersion.targets(2433,5): warning MSB3277:         C:\Program Files\Autodesk\Revit 2025\IntfATFAPI.dll [d:\Software\Antigravity\Birooni Tools\Family Loader\2025\FamilyLoader.csproj]
C:\Program Files\dotnet\sdk\9.0.312\Microsoft.Common.CurrentVersion.targets(2433,5): warning MSB3277:           Project file item includes which caused reference "C:\Program Files\Autodesk\Revit 2025\IntfATFAPI.dll". [d:\Software\Antigravity\Birooni Tools\Family Loader\2025\FamilyLoader.csproj]
C:\Program Files\dotnet\sdk\9.0.312\Microsoft.Common.CurrentVersion.targets(2433,5): warning MSB3277:             RevitAPI [d:\Software\Antigravity\Birooni Tools\Family Loader\2025\FamilyLoader.csproj]
C:\Program Files\dotnet\sdk\9.0.312\Microsoft.Common.CurrentVersion.targets(2433,5): warning MSB3277:             RevitAPIUI [d:\Software\Antigravity\Birooni Tools\Family Loader\2025\FamilyLoader.csproj]
C:\Program Files\dotnet\sdk\9.0.312\Microsoft.Common.CurrentVersion.targets(2433,5): warning MSB3277:         C:\Program Files\Autodesk\Revit 2025\TextEngineAPI.dll [d:\Software\Antigravity\Birooni Tools\Family Loader\2025\FamilyLoader.csproj]
C:\Program Files\dotnet\sdk\9.0.312\Microsoft.Common.CurrentVersion.targets(2433,5): warning MSB3277:           Project file item includes which caused reference "C:\Program Files\Autodesk\Revit 2025\TextEngineAPI.dll". [d:\Software\Antigravity\Birooni Tools\Family Loader\2025\FamilyLoader.csproj]
C:\Program Files\dotnet\sdk\9.0.312\Microsoft.Common.CurrentVersion.targets(2433,5): warning MSB3277:             RevitAPI [d:\Software\Antigravity\Birooni Tools\Family Loader\2025\FamilyLoader.csproj]
C:\Program Files\dotnet\sdk\9.0.312\Microsoft.Common.CurrentVersion.targets(2433,5): warning MSB3277:             RevitAPIUI [d:\Software\Antigravity\Birooni Tools\Family Loader\2025\FamilyLoader.csproj]
C:\Program Files\dotnet\sdk\9.0.312\Microsoft.Common.CurrentVersion.targets(2433,5): warning MSB3277:         C:\Program Files\Autodesk\Revit 2025\InfrastructureDBAPI.dll [d:\Software\Antigravity\Birooni Tools\Family Loader\2025\FamilyLoader.csproj]
C:\Program Files\dotnet\sdk\9.0.312\Microsoft.Common.CurrentVersion.targets(2433,5): warning MSB3277:           Project file item includes which caused reference "C:\Program Files\Autodesk\Revit 2025\InfrastructureDBAPI.dll". [d:\Software\Antigravity\Birooni Tools\Family Loader\2025\FamilyLoader.csproj]
C:\Program Files\dotnet\sdk\9.0.312\Microsoft.Common.CurrentVersion.targets(2433,5): warning MSB3277:             RevitAPI [d:\Software\Antigravity\Birooni Tools\Family Loader\2025\FamilyLoader.csproj]
C:\Program Files\dotnet\sdk\9.0.312\Microsoft.Common.CurrentVersion.targets(2433,5): warning MSB3277:             RevitAPIUI [d:\Software\Antigravity\Birooni Tools\Family Loader\2025\FamilyLoader.csproj]
C:\Program Files\dotnet\sdk\9.0.312\Microsoft.Common.CurrentVersion.targets(2433,5): warning MSB3277:         C:\Program Files\Autodesk\Revit 2025\ATFRevitCoreAPI.dll [d:\Software\Antigravity\Birooni Tools\Family Loader\2025\FamilyLoader.csproj]
C:\Program Files\dotnet\sdk\9.0.312\Microsoft.Common.CurrentVersion.targets(2433,5): warning MSB3277:           Project file item includes which caused reference "C:\Program Files\Autodesk\Revit 2025\ATFRevitCoreAPI.dll". [d:\Software\Antigravity\Birooni Tools\Family Loader\2025\FamilyLoader.csproj]
C:\Program Files\dotnet\sdk\9.0.312\Microsoft.Common.CurrentVersion.targets(2433,5): warning MSB3277:             RevitAPI [d:\Software\Antigravity\Birooni Tools\Family Loader\2025\FamilyLoader.csproj]
C:\Program Files\dotnet\sdk\9.0.312\Microsoft.Common.CurrentVersion.targets(2433,5): warning MSB3277:             RevitAPIUI [d:\Software\Antigravity\Birooni Tools\Family Loader\2025\FamilyLoader.csproj]
C:\Program Files\dotnet\sdk\9.0.312\Microsoft.Common.CurrentVersion.targets(2433,5): warning MSB3277:         C:\Program Files\Autodesk\Revit 2025\DBManagedServices.dll [d:\Software\Antigravity\Birooni Tools\Family Loader\2025\FamilyLoader.csproj]
C:\Program Files\dotnet\sdk\9.0.312\Microsoft.Common.CurrentVersion.targets(2433,5): warning MSB3277:           Project file item includes which caused reference "C:\Program Files\Autodesk\Revit 2025\DBManagedServices.dll". [d:\Software\Antigravity\Birooni Tools\Family Loader\2025\FamilyLoader.csproj]
C:\Program Files\dotnet\sdk\9.0.312\Microsoft.Common.CurrentVersion.targets(2433,5): warning MSB3277:             RevitAPI [d:\Software\Antigravity\Birooni Tools\Family Loader\2025\FamilyLoader.csproj]
C:\Program Files\dotnet\sdk\9.0.312\Microsoft.Common.CurrentVersion.targets(2433,5): warning MSB3277:             RevitAPIUI [d:\Software\Antigravity\Birooni Tools\Family Loader\2025\FamilyLoader.csproj]
C:\Program Files\dotnet\sdk\9.0.312\Microsoft.Common.CurrentVersion.targets(2433,5): warning MSB3277:         C:\Program Files\Autodesk\Revit 2025\APIInterop.dll [d:\Software\Antigravity\Birooni Tools\Family Loader\2025\FamilyLoader.csproj]
C:\Program Files\dotnet\sdk\9.0.312\Microsoft.Common.CurrentVersion.targets(2433,5): warning MSB3277:           Project file item includes which caused reference "C:\Program Files\Autodesk\Revit 2025\APIInterop.dll". [d:\Software\Antigravity\Birooni Tools\Family Loader\2025\FamilyLoader.csproj]
C:\Program Files\dotnet\sdk\9.0.312\Microsoft.Common.CurrentVersion.targets(2433,5): warning MSB3277:             RevitAPIUI [d:\Software\Antigravity\Birooni Tools\Family Loader\2025\FamilyLoader.csproj]
C:\Program Files\dotnet\sdk\9.0.312\Microsoft.Common.CurrentVersion.targets(2433,5): warning MSB3277:         C:\Program Files\Autodesk\Revit 2025\AddInManager.dll [d:\Software\Antigravity\Birooni Tools\Family Loader\2025\FamilyLoader.csproj]
C:\Program Files\dotnet\sdk\9.0.312\Microsoft.Common.CurrentVersion.targets(2433,5): warning MSB3277:           Project file item includes which caused reference "C:\Program Files\Autodesk\Revit 2025\AddInManager.dll". [d:\Software\Antigravity\Birooni Tools\Family Loader\2025\FamilyLoader.csproj]
C:\Program Files\dotnet\sdk\9.0.312\Microsoft.Common.CurrentVersion.targets(2433,5): warning MSB3277:             RevitAPIUI [d:\Software\Antigravity\Birooni Tools\Family Loader\2025\FamilyLoader.csproj]
C:\Program Files\dotnet\sdk\9.0.312\Microsoft.Common.CurrentVersion.targets(2433,5): warning MSB3277:         C:\Program Files\Autodesk\Revit 2025\RevitUIAPI.dll [d:\Software\Antigravity\Birooni Tools\Family Loader\2025\FamilyLoader.csproj]
C:\Program Files\dotnet\sdk\9.0.312\Microsoft.Common.CurrentVersion.targets(2433,5): warning MSB3277:           Project file item includes which caused reference "C:\Program Files\Autodesk\Revit 2025\RevitUIAPI.dll". [d:\Software\Antigravity\Birooni Tools\Family Loader\2025\FamilyLoader.csproj]
C:\Program Files\dotnet\sdk\9.0.312\Microsoft.Common.CurrentVersion.targets(2433,5): warning MSB3277:             RevitAPIUI [d:\Software\Antigravity\Birooni Tools\Family Loader\2025\FamilyLoader.csproj]
C:\Program Files\dotnet\sdk\9.0.312\Microsoft.Common.CurrentVersion.targets(2433,5): warning MSB3277:         C:\Program Files\Autodesk\Revit 2025\BuildingSystemsUIAPI.dll [d:\Software\Antigravity\Birooni Tools\Family Loader\2025\FamilyLoader.csproj]
C:\Program Files\dotnet\sdk\9.0.312\Microsoft.Common.CurrentVersion.targets(2433,5): warning MSB3277:           Project file item includes which caused reference "C:\Program Files\Autodesk\Revit 2025\BuildingSystemsUIAPI.dll". [d:\Software\Antigravity\Birooni Tools\Family Loader\2025\FamilyLoader.csproj]
C:\Program Files\dotnet\sdk\9.0.312\Microsoft.Common.CurrentVersion.targets(2433,5): warning MSB3277:             RevitAPIUI [d:\Software\Antigravity\Birooni Tools\Family Loader\2025\FamilyLoader.csproj]
C:\Program Files\dotnet\sdk\9.0.312\Microsoft.Common.CurrentVersion.targets(2433,5): warning MSB3277:         C:\Program Files\Autodesk\Revit 2025\DesktopMFCAPI.dll [d:\Software\Antigravity\Birooni Tools\Family Loader\2025\FamilyLoader.csproj]
C:\Program Files\dotnet\sdk\9.0.312\Microsoft.Common.CurrentVersion.targets(2433,5): warning MSB3277:           Project file item includes which caused reference "C:\Program Files\Autodesk\Revit 2025\DesktopMFCAPI.dll". [d:\Software\Antigravity\Birooni Tools\Family Loader\2025\FamilyLoader.csproj]
C:\Program Files\dotnet\sdk\9.0.312\Microsoft.Common.CurrentVersion.targets(2433,5): warning MSB3277:             RevitAPIUI [d:\Software\Antigravity\Birooni Tools\Family Loader\2025\FamilyLoader.csproj]
C:\Program Files\dotnet\sdk\9.0.312\Microsoft.Common.CurrentVersion.targets(2433,5): warning MSB3277:         C:\Program Files\Autodesk\Revit 2025\APIUIAPI.dll [d:\Software\Antigravity\Birooni Tools\Family Loader\2025\FamilyLoader.csproj]
C:\Program Files\dotnet\sdk\9.0.312\Microsoft.Common.CurrentVersion.targets(2433,5): warning MSB3277:           Project file item includes which caused reference "C:\Program Files\Autodesk\Revit 2025\APIUIAPI.dll". [d:\Software\Antigravity\Birooni Tools\Family Loader\2025\FamilyLoader.csproj]
C:\Program Files\dotnet\sdk\9.0.312\Microsoft.Common.CurrentVersion.targets(2433,5): warning MSB3277:             RevitAPIUI [d:\Software\Antigravity\Birooni Tools\Family Loader\2025\FamilyLoader.csproj]
C:\Program Files\dotnet\sdk\9.0.312\Microsoft.Common.CurrentVersion.targets(2433,5): warning MSB3277:         C:\Program Files\Autodesk\Revit 2025\RevitMFCAPI.dll [d:\Software\Antigravity\Birooni Tools\Family Loader\2025\FamilyLoader.csproj]
C:\Program Files\dotnet\sdk\9.0.312\Microsoft.Common.CurrentVersion.targets(2433,5): warning MSB3277:           Project file item includes which caused reference "C:\Program Files\Autodesk\Revit 2025\RevitMFCAPI.dll". [d:\Software\Antigravity\Birooni Tools\Family Loader\2025\FamilyLoader.csproj]
C:\Program Files\dotnet\sdk\9.0.312\Microsoft.Common.CurrentVersion.targets(2433,5): warning MSB3277:             RevitAPIUI [d:\Software\Antigravity\Birooni Tools\Family Loader\2025\FamilyLoader.csproj]
C:\Program Files\dotnet\sdk\9.0.312\Microsoft.Common.CurrentVersion.targets(2433,5): warning MSB3277:         C:\Program Files\Autodesk\Revit 2025\EssentialsUIAPI.dll [d:\Software\Antigravity\Birooni Tools\Family Loader\2025\FamilyLoader.csproj]
C:\Program Files\dotnet\sdk\9.0.312\Microsoft.Common.CurrentVersion.targets(2433,5): warning MSB3277:           Project file item includes which caused reference "C:\Program Files\Autodesk\Revit 2025\EssentialsUIAPI.dll". [d:\Software\Antigravity\Birooni Tools\Family Loader\2025\FamilyLoader.csproj]
C:\Program Files\dotnet\sdk\9.0.312\Microsoft.Common.CurrentVersion.targets(2433,5): warning MSB3277:             RevitAPIUI [d:\Software\Antigravity\Birooni Tools\Family Loader\2025\FamilyLoader.csproj]
C:\Program Files\dotnet\sdk\9.0.312\Microsoft.Common.CurrentVersion.targets(2433,5): warning MSB3277:         C:\Program Files\Autodesk\Revit 2025\DetailUIAPI.dll [d:\Software\Antigravity\Birooni Tools\Family Loader\2025\FamilyLoader.csproj]
C:\Program Files\dotnet\sdk\9.0.312\Microsoft.Common.CurrentVersion.targets(2433,5): warning MSB3277:           Project file item includes which caused reference "C:\Program Files\Autodesk\Revit 2025\DetailUIAPI.dll". [d:\Software\Antigravity\Birooni Tools\Family Loader\2025\FamilyLoader.csproj]
C:\Program Files\dotnet\sdk\9.0.312\Microsoft.Common.CurrentVersion.targets(2433,5): warning MSB3277:             RevitAPIUI [d:\Software\Antigravity\Birooni Tools\Family Loader\2025\FamilyLoader.csproj]
C:\Program Files\dotnet\sdk\9.0.312\Microsoft.Common.CurrentVersion.targets(2433,5): warning MSB3277:         C:\Program Files\Autodesk\Revit 2025\UIFrameworkServices.dll [d:\Software\Antigravity\Birooni Tools\Family Loader\2025\FamilyLoader.csproj]
C:\Program Files\dotnet\sdk\9.0.312\Microsoft.Common.CurrentVersion.targets(2433,5): warning MSB3277:           Project file item includes which caused reference "C:\Program Files\Autodesk\Revit 2025\UIFrameworkServices.dll". [d:\Software\Antigravity\Birooni Tools\Family Loader\2025\FamilyLoader.csproj]
C:\Program Files\dotnet\sdk\9.0.312\Microsoft.Common.CurrentVersion.targets(2433,5): warning MSB3277:             RevitAPIUI [d:\Software\Antigravity\Birooni Tools\Family Loader\2025\FamilyLoader.csproj]
C:\Program Files\dotnet\sdk\9.0.312\Microsoft.Common.CurrentVersion.targets(2433,5): warning MSB3277:         C:\Program Files\Autodesk\Revit 2025\SSONET.dll [d:\Software\Antigravity\Birooni Tools\Family Loader\2025\FamilyLoader.csproj]
C:\Program Files\dotnet\sdk\9.0.312\Microsoft.Common.CurrentVersion.targets(2433,5): warning MSB3277:           Project file item includes which caused reference "C:\Program Files\Autodesk\Revit 2025\SSONET.dll". [d:\Software\Antigravity\Birooni Tools\Family Loader\2025\FamilyLoader.csproj]
C:\Program Files\dotnet\sdk\9.0.312\Microsoft.Common.CurrentVersion.targets(2433,5): warning MSB3277:             RevitAPIUI [d:\Software\Antigravity\Birooni Tools\Family Loader\2025\FamilyLoader.csproj]
C:\Program Files\dotnet\sdk\9.0.312\Microsoft.Common.CurrentVersion.targets(2433,5): warning MSB3277:         C:\Program Files\Autodesk\Revit 2025\CefSharp.Core.Runtime.dll [d:\Software\Antigravity\Birooni Tools\Family Loader\2025\FamilyLoader.csproj]
C:\Program Files\dotnet\sdk\9.0.312\Microsoft.Common.CurrentVersion.targets(2433,5): warning MSB3277:           Project file item includes which caused reference "C:\Program Files\Autodesk\Revit 2025\CefSharp.Core.Runtime.dll". [d:\Software\Antigravity\Birooni Tools\Family Loader\2025\FamilyLoader.csproj]
C:\Program Files\dotnet\sdk\9.0.312\Microsoft.Common.CurrentVersion.targets(2433,5): warning MSB3277:             RevitAPIUI [d:\Software\Antigravity\Birooni Tools\Family Loader\2025\FamilyLoader.csproj]
C:\Program Files\dotnet\sdk\9.0.312\Microsoft.Common.CurrentVersion.targets(2433,5): warning MSB3277: Found conflicts between different versions of "System.Drawing" that could not be resolved. [d:\Software\Antigravity\Birooni Tools\Family Loader\2025\FamilyLoader.csproj]
C:\Program Files\dotnet\sdk\9.0.312\Microsoft.Common.CurrentVersion.targets(2433,5): warning MSB3277: There was a conflict between "System.Drawing, Version=4.0.0.0, Culture=neutral, PublicKeyToken=b03f5f7f11d50a3a" and "System.Drawing, Version=8.0.0.0, Culture=neutral, PublicKeyToken=b03f5f7f11d50a3a". [d:\Software\Antigravity\Birooni Tools\Family Loader\2025\FamilyLoader.csproj]
C:\Program Files\dotnet\sdk\9.0.312\Microsoft.Common.CurrentVersion.targets(2433,5): warning MSB3277:     "System.Drawing, Version=4.0.0.0, Culture=neutral, PublicKeyToken=b03f5f7f11d50a3a" was chosen because it was primary and "System.Drawing, Version=8.0.0.0, Culture=neutral, PublicKeyToken=b03f5f7f11d50a3a" was not. [d:\Software\Antigravity\Birooni Tools\Family Loader\2025\FamilyLoader.csproj]
C:\Program Files\dotnet\sdk\9.0.312\Microsoft.Common.CurrentVersion.targets(2433,5): warning MSB3277:     References which depend on "System.Drawing, Version=4.0.0.0, Culture=neutral, PublicKeyToken=b03f5f7f11d50a3a" [C:\Program Files\dotnet\packs\Microsoft.NETCore.App.Ref\8.0.25\ref\net8.0\System.Drawing.dll]. [d:\Software\Antigravity\Birooni Tools\Family Loader\2025\FamilyLoader.csproj]
C:\Program Files\dotnet\sdk\9.0.312\Microsoft.Common.CurrentVersion.targets(2433,5): warning MSB3277:         C:\Program Files\dotnet\packs\Microsoft.NETCore.App.Ref\8.0.25\ref\net8.0\System.Drawing.dll [d:\Software\Antigravity\Birooni Tools\Family Loader\2025\FamilyLoader.csproj]
C:\Program Files\dotnet\sdk\9.0.312\Microsoft.Common.CurrentVersion.targets(2433,5): warning MSB3277:           Project file item includes which caused reference "C:\Program Files\dotnet\packs\Microsoft.NETCore.App.Ref\8.0.25\ref\net8.0\System.Drawing.dll". [d:\Software\Antigravity\Birooni Tools\Family Loader\2025\FamilyLoader.csproj]
C:\Program Files\dotnet\sdk\9.0.312\Microsoft.Common.CurrentVersion.targets(2433,5): warning MSB3277:             C:\Program Files\dotnet\packs\Microsoft.NETCore.App.Ref\8.0.25\ref/net8.0/System.Drawing.dll [d:\Software\Antigravity\Birooni Tools\Family Loader\2025\FamilyLoader.csproj]
C:\Program Files\dotnet\sdk\9.0.312\Microsoft.Common.CurrentVersion.targets(2433,5): warning MSB3277:     References which depend on or have been unified to "System.Drawing, Version=8.0.0.0, Culture=neutral, PublicKeyToken=b03f5f7f11d50a3a" []. [d:\Software\Antigravity\Birooni Tools\Family Loader\2025\FamilyLoader.csproj]
C:\Program Files\dotnet\sdk\9.0.312\Microsoft.Common.CurrentVersion.targets(2433,5): warning MSB3277:         C:\Program Files\Autodesk\Revit 2025\RevitAPI.dll [d:\Software\Antigravity\Birooni Tools\Family Loader\2025\FamilyLoader.csproj]
C:\Program Files\dotnet\sdk\9.0.312\Microsoft.Common.CurrentVersion.targets(2433,5): warning MSB3277:           Project file item includes which caused reference "C:\Program Files\Autodesk\Revit 2025\RevitAPI.dll". [d:\Software\Antigravity\Birooni Tools\Family Loader\2025\FamilyLoader.csproj]
C:\Program Files\dotnet\sdk\9.0.312\Microsoft.Common.CurrentVersion.targets(2433,5): warning MSB3277:             RevitAPI [d:\Software\Antigravity\Birooni Tools\Family Loader\2025\FamilyLoader.csproj]
C:\Program Files\dotnet\sdk\9.0.312\Microsoft.Common.CurrentVersion.targets(2433,5): warning MSB3277:             RevitAPIUI [d:\Software\Antigravity\Birooni Tools\Family Loader\2025\FamilyLoader.csproj]
C:\Program Files\dotnet\sdk\9.0.312\Microsoft.Common.CurrentVersion.targets(2433,5): warning MSB3277:         C:\Program Files\Autodesk\Revit 2025\RevitAPIUI.dll [d:\Software\Antigravity\Birooni Tools\Family Loader\2025\FamilyLoader.csproj]
C:\Program Files\dotnet\sdk\9.0.312\Microsoft.Common.CurrentVersion.targets(2433,5): warning MSB3277:           Project file item includes which caused reference "C:\Program Files\Autodesk\Revit 2025\RevitAPIUI.dll". [d:\Software\Antigravity\Birooni Tools\Family Loader\2025\FamilyLoader.csproj]
C:\Program Files\dotnet\sdk\9.0.312\Microsoft.Common.CurrentVersion.targets(2433,5): warning MSB3277:             RevitAPIUI [d:\Software\Antigravity\Birooni Tools\Family Loader\2025\FamilyLoader.csproj]
C:\Program Files\dotnet\sdk\9.0.312\Microsoft.Common.CurrentVersion.targets(2433,5): warning MSB3277:         C:\Program Files\Autodesk\Revit 2025\AdskRcManaged.dll [d:\Software\Antigravity\Birooni Tools\Family Loader\2025\FamilyLoader.csproj]
C:\Program Files\dotnet\sdk\9.0.312\Microsoft.Common.CurrentVersion.targets(2433,5): warning MSB3277:           Project file item includes which caused reference "C:\Program Files\Autodesk\Revit 2025\AdskRcManaged.dll". [d:\Software\Antigravity\Birooni Tools\Family Loader\2025\FamilyLoader.csproj]
C:\Program Files\dotnet\sdk\9.0.312\Microsoft.Common.CurrentVersion.targets(2433,5): warning MSB3277:             RevitAPI [d:\Software\Antigravity\Birooni Tools\Family Loader\2025\FamilyLoader.csproj]
C:\Program Files\dotnet\sdk\9.0.312\Microsoft.Common.CurrentVersion.targets(2433,5): warning MSB3277:             RevitAPIUI [d:\Software\Antigravity\Birooni Tools\Family Loader\2025\FamilyLoader.csproj]
C:\Program Files\dotnet\sdk\9.0.312\Microsoft.Common.CurrentVersion.targets(2433,5): warning MSB3277:         C:\Program Files\Autodesk\Revit 2025\RevitAPIFoundation.dll [d:\Software\Antigravity\Birooni Tools\Family Loader\2025\FamilyLoader.csproj]
C:\Program Files\dotnet\sdk\9.0.312\Microsoft.Common.CurrentVersion.targets(2433,5): warning MSB3277:           Project file item includes which caused reference "C:\Program Files\Autodesk\Revit 2025\RevitAPIFoundation.dll". [d:\Software\Antigravity\Birooni Tools\Family Loader\2025\FamilyLoader.csproj]
C:\Program Files\dotnet\sdk\9.0.312\Microsoft.Common.CurrentVersion.targets(2433,5): warning MSB3277:             RevitAPI [d:\Software\Antigravity\Birooni Tools\Family Loader\2025\FamilyLoader.csproj]
C:\Program Files\dotnet\sdk\9.0.312\Microsoft.Common.CurrentVersion.targets(2433,5): warning MSB3277:             RevitAPIUI [d:\Software\Antigravity\Birooni Tools\Family Loader\2025\FamilyLoader.csproj]
C:\Program Files\dotnet\sdk\9.0.312\Microsoft.Common.CurrentVersion.targets(2433,5): warning MSB3277:         C:\Program Files\Autodesk\Revit 2025\RevitDBAPI.dll [d:\Software\Antigravity\Birooni Tools\Family Loader\2025\FamilyLoader.csproj]
C:\Program Files\dotnet\sdk\9.0.312\Microsoft.Common.CurrentVersion.targets(2433,5): warning MSB3277:           Project file item includes which caused reference "C:\Program Files\Autodesk\Revit 2025\RevitDBAPI.dll". [d:\Software\Antigravity\Birooni Tools\Family Loader\2025\FamilyLoader.csproj]
C:\Program Files\dotnet\sdk\9.0.312\Microsoft.Common.CurrentVersion.targets(2433,5): warning MSB3277:             RevitAPI [d:\Software\Antigravity\Birooni Tools\Family Loader\2025\FamilyLoader.csproj]
C:\Program Files\dotnet\sdk\9.0.312\Microsoft.Common.CurrentVersion.targets(2433,5): warning MSB3277:             RevitAPIUI [d:\Software\Antigravity\Birooni Tools\Family Loader\2025\FamilyLoader.csproj]
C:\Program Files\dotnet\sdk\9.0.312\Microsoft.Common.CurrentVersion.targets(2433,5): warning MSB3277:         C:\Program Files\Autodesk\Revit 2025\RevitDBCoreAPI.dll [d:\Software\Antigravity\Birooni Tools\Family Loader\2025\FamilyLoader.csproj]
C:\Program Files\dotnet\sdk\9.0.312\Microsoft.Common.CurrentVersion.targets(2433,5): warning MSB3277:           Project file item includes which caused reference "C:\Program Files\Autodesk\Revit 2025\RevitDBCoreAPI.dll". [d:\Software\Antigravity\Birooni Tools\Family Loader\2025\FamilyLoader.csproj]
C:\Program Files\dotnet\sdk\9.0.312\Microsoft.Common.CurrentVersion.targets(2433,5): warning MSB3277:             RevitAPI [d:\Software\Antigravity\Birooni Tools\Family Loader\2025\FamilyLoader.csproj]
C:\Program Files\dotnet\sdk\9.0.312\Microsoft.Common.CurrentVersion.targets(2433,5): warning MSB3277:             RevitAPIUI [d:\Software\Antigravity\Birooni Tools\Family Loader\2025\FamilyLoader.csproj]
C:\Program Files\dotnet\sdk\9.0.312\Microsoft.Common.CurrentVersion.targets(2433,5): warning MSB3277:         C:\Program Files\Autodesk\Revit 2025\PersistenceDBAPI.dll [d:\Software\Antigravity\Birooni Tools\Family Loader\2025\FamilyLoader.csproj]
C:\Program Files\dotnet\sdk\9.0.312\Microsoft.Common.CurrentVersion.targets(2433,5): warning MSB3277:           Project file item includes which caused reference "C:\Program Files\Autodesk\Revit 2025\PersistenceDBAPI.dll". [d:\Software\Antigravity\Birooni Tools\Family Loader\2025\FamilyLoader.csproj]
C:\Program Files\dotnet\sdk\9.0.312\Microsoft.Common.CurrentVersion.targets(2433,5): warning MSB3277:             RevitAPI [d:\Software\Antigravity\Birooni Tools\Family Loader\2025\FamilyLoader.csproj]
C:\Program Files\dotnet\sdk\9.0.312\Microsoft.Common.CurrentVersion.targets(2433,5): warning MSB3277:             RevitAPIUI [d:\Software\Antigravity\Birooni Tools\Family Loader\2025\FamilyLoader.csproj]
C:\Program Files\dotnet\sdk\9.0.312\Microsoft.Common.CurrentVersion.targets(2433,5): warning MSB3277:         C:\Program Files\Autodesk\Revit 2025\UtilityAPI.dll [d:\Software\Antigravity\Birooni Tools\Family Loader\2025\FamilyLoader.csproj]
C:\Program Files\dotnet\sdk\9.0.312\Microsoft.Common.CurrentVersion.targets(2433,5): warning MSB3277:           Project file item includes which caused reference "C:\Program Files\Autodesk\Revit 2025\UtilityAPI.dll". [d:\Software\Antigravity\Birooni Tools\Family Loader\2025\FamilyLoader.csproj]
C:\Program Files\dotnet\sdk\9.0.312\Microsoft.Common.CurrentVersion.targets(2433,5): warning MSB3277:             RevitAPI [d:\Software\Antigravity\Birooni Tools\Family Loader\2025\FamilyLoader.csproj]
C:\Program Files\dotnet\sdk\9.0.312\Microsoft.Common.CurrentVersion.targets(2433,5): warning MSB3277:             RevitAPIUI [d:\Software\Antigravity\Birooni Tools\Family Loader\2025\FamilyLoader.csproj]
C:\Program Files\dotnet\sdk\9.0.312\Microsoft.Common.CurrentVersion.targets(2433,5): warning MSB3277:         C:\Program Files\Autodesk\Revit 2025\APIDBAPI.dll [d:\Software\Antigravity\Birooni Tools\Family Loader\2025\FamilyLoader.csproj]
C:\Program Files\dotnet\sdk\9.0.312\Microsoft.Common.CurrentVersion.targets(2433,5): warning MSB3277:           Project file item includes which caused reference "C:\Program Files\Autodesk\Revit 2025\APIDBAPI.dll". [d:\Software\Antigravity\Birooni Tools\Family Loader\2025\FamilyLoader.csproj]
C:\Program Files\dotnet\sdk\9.0.312\Microsoft.Common.CurrentVersion.targets(2433,5): warning MSB3277:             RevitAPI [d:\Software\Antigravity\Birooni Tools\Family Loader\2025\FamilyLoader.csproj]
C:\Program Files\dotnet\sdk\9.0.312\Microsoft.Common.CurrentVersion.targets(2433,5): warning MSB3277:             RevitAPIUI [d:\Software\Antigravity\Birooni Tools\Family Loader\2025\FamilyLoader.csproj]
C:\Program Files\dotnet\sdk\9.0.312\Microsoft.Common.CurrentVersion.targets(2433,5): warning MSB3277:         C:\Program Files\Autodesk\Revit 2025\GraphicsAPI.dll [d:\Software\Antigravity\Birooni Tools\Family Loader\2025\FamilyLoader.csproj]
C:\Program Files\dotnet\sdk\9.0.312\Microsoft.Common.CurrentVersion.targets(2433,5): warning MSB3277:           Project file item includes which caused reference "C:\Program Files\Autodesk\Revit 2025\GraphicsAPI.dll". [d:\Software\Antigravity\Birooni Tools\Family Loader\2025\FamilyLoader.csproj]
C:\Program Files\dotnet\sdk\9.0.312\Microsoft.Common.CurrentVersion.targets(2433,5): warning MSB3277:             RevitAPI [d:\Software\Antigravity\Birooni Tools\Family Loader\2025\FamilyLoader.csproj]
C:\Program Files\dotnet\sdk\9.0.312\Microsoft.Common.CurrentVersion.targets(2433,5): warning MSB3277:             RevitAPIUI [d:\Software\Antigravity\Birooni Tools\Family Loader\2025\FamilyLoader.csproj]
C:\Program Files\dotnet\sdk\9.0.312\Microsoft.Common.CurrentVersion.targets(2433,5): warning MSB3277:         C:\Program Files\Autodesk\Revit 2025\ElementGroupDBAPI.dll [d:\Software\Antigravity\Birooni Tools\Family Loader\2025\FamilyLoader.csproj]
C:\Program Files\dotnet\sdk\9.0.312\Microsoft.Common.CurrentVersion.targets(2433,5): warning MSB3277:           Project file item includes which caused reference "C:\Program Files\Autodesk\Revit 2025\ElementGroupDBAPI.dll". [d:\Software\Antigravity\Birooni Tools\Family Loader\2025\FamilyLoader.csproj]
C:\Program Files\dotnet\sdk\9.0.312\Microsoft.Common.CurrentVersion.targets(2433,5): warning MSB3277:             RevitAPI [d:\Software\Antigravity\Birooni Tools\Family Loader\2025\FamilyLoader.csproj]
C:\Program Files\dotnet\sdk\9.0.312\Microsoft.Common.CurrentVersion.targets(2433,5): warning MSB3277:             RevitAPIUI [d:\Software\Antigravity\Birooni Tools\Family Loader\2025\FamilyLoader.csproj]
C:\Program Files\dotnet\sdk\9.0.312\Microsoft.Common.CurrentVersion.targets(2433,5): warning MSB3277:         C:\Program Files\Autodesk\Revit 2025\EssentialsDBAPI.dll [d:\Software\Antigravity\Birooni Tools\Family Loader\2025\FamilyLoader.csproj]
C:\Program Files\dotnet\sdk\9.0.312\Microsoft.Common.CurrentVersion.targets(2433,5): warning MSB3277:           Project file item includes which caused reference "C:\Program Files\Autodesk\Revit 2025\EssentialsDBAPI.dll". [d:\Software\Antigravity\Birooni Tools\Family Loader\2025\FamilyLoader.csproj]
C:\Program Files\dotnet\sdk\9.0.312\Microsoft.Common.CurrentVersion.targets(2433,5): warning MSB3277:             RevitAPI [d:\Software\Antigravity\Birooni Tools\Family Loader\2025\FamilyLoader.csproj]
C:\Program Files\dotnet\sdk\9.0.312\Microsoft.Common.CurrentVersion.targets(2433,5): warning MSB3277:             RevitAPIUI [d:\Software\Antigravity\Birooni Tools\Family Loader\2025\FamilyLoader.csproj]
C:\Program Files\dotnet\sdk\9.0.312\Microsoft.Common.CurrentVersion.targets(2433,5): warning MSB3277:         C:\Program Files\Autodesk\Revit 2025\GeomUtilAPI.dll [d:\Software\Antigravity\Birooni Tools\Family Loader\2025\FamilyLoader.csproj]
C:\Program Files\dotnet\sdk\9.0.312\Microsoft.Common.CurrentVersion.targets(2433,5): warning MSB3277:           Project file item includes which caused reference "C:\Program Files\Autodesk\Revit 2025\GeomUtilAPI.dll". [d:\Software\Antigravity\Birooni Tools\Family Loader\2025\FamilyLoader.csproj]
C:\Program Files\dotnet\sdk\9.0.312\Microsoft.Common.CurrentVersion.targets(2433,5): warning MSB3277:             RevitAPI [d:\Software\Antigravity\Birooni Tools\Family Loader\2025\FamilyLoader.csproj]
C:\Program Files\dotnet\sdk\9.0.312\Microsoft.Common.CurrentVersion.targets(2433,5): warning MSB3277:             RevitAPIUI [d:\Software\Antigravity\Birooni Tools\Family Loader\2025\FamilyLoader.csproj]
C:\Program Files\dotnet\sdk\9.0.312\Microsoft.Common.CurrentVersion.targets(2433,5): warning MSB3277:         C:\Program Files\Autodesk\Revit 2025\FamilyDBAPI.dll [d:\Software\Antigravity\Birooni Tools\Family Loader\2025\FamilyLoader.csproj]
C:\Program Files\dotnet\sdk\9.0.312\Microsoft.Common.CurrentVersion.targets(2433,5): warning MSB3277:           Project file item includes which caused reference "C:\Program Files\Autodesk\Revit 2025\FamilyDBAPI.dll". [d:\Software\Antigravity\Birooni Tools\Family Loader\2025\FamilyLoader.csproj]
C:\Program Files\dotnet\sdk\9.0.312\Microsoft.Common.CurrentVersion.targets(2433,5): warning MSB3277:             RevitAPI [d:\Software\Antigravity\Birooni Tools\Family Loader\2025\FamilyLoader.csproj]
C:\Program Files\dotnet\sdk\9.0.312\Microsoft.Common.CurrentVersion.targets(2433,5): warning MSB3277:             RevitAPIUI [d:\Software\Antigravity\Birooni Tools\Family Loader\2025\FamilyLoader.csproj]
C:\Program Files\dotnet\sdk\9.0.312\Microsoft.Common.CurrentVersion.targets(2433,5): warning MSB3277:         C:\Program Files\Autodesk\Revit 2025\DetailDBAPI.dll [d:\Software\Antigravity\Birooni Tools\Family Loader\2025\FamilyLoader.csproj]
C:\Program Files\dotnet\sdk\9.0.312\Microsoft.Common.CurrentVersion.targets(2433,5): warning MSB3277:           Project file item includes which caused reference "C:\Program Files\Autodesk\Revit 2025\DetailDBAPI.dll". [d:\Software\Antigravity\Birooni Tools\Family Loader\2025\FamilyLoader.csproj]
C:\Program Files\dotnet\sdk\9.0.312\Microsoft.Common.CurrentVersion.targets(2433,5): warning MSB3277:             RevitAPI [d:\Software\Antigravity\Birooni Tools\Family Loader\2025\FamilyLoader.csproj]
C:\Program Files\dotnet\sdk\9.0.312\Microsoft.Common.CurrentVersion.targets(2433,5): warning MSB3277:             RevitAPIUI [d:\Software\Antigravity\Birooni Tools\Family Loader\2025\FamilyLoader.csproj]
C:\Program Files\dotnet\sdk\9.0.312\Microsoft.Common.CurrentVersion.targets(2433,5): warning MSB3277:         C:\Program Files\Autodesk\Revit 2025\CurtainGridFamilyDBAPI.dll [d:\Software\Antigravity\Birooni Tools\Family Loader\2025\FamilyLoader.csproj]
C:\Program Files\dotnet\sdk\9.0.312\Microsoft.Common.CurrentVersion.targets(2433,5): warning MSB3277:           Project file item includes which caused reference "C:\Program Files\Autodesk\Revit 2025\CurtainGridFamilyDBAPI.dll". [d:\Software\Antigravity\Birooni Tools\Family Loader\2025\FamilyLoader.csproj]
C:\Program Files\dotnet\sdk\9.0.312\Microsoft.Common.CurrentVersion.targets(2433,5): warning MSB3277:             RevitAPI [d:\Software\Antigravity\Birooni Tools\Family Loader\2025\FamilyLoader.csproj]
C:\Program Files\dotnet\sdk\9.0.312\Microsoft.Common.CurrentVersion.targets(2433,5): warning MSB3277:             RevitAPIUI [d:\Software\Antigravity\Birooni Tools\Family Loader\2025\FamilyLoader.csproj]
C:\Program Files\dotnet\sdk\9.0.312\Microsoft.Common.CurrentVersion.targets(2433,5): warning MSB3277:         C:\Program Files\Autodesk\Revit 2025\ArrayElemsDBAPI.dll [d:\Software\Antigravity\Birooni Tools\Family Loader\2025\FamilyLoader.csproj]
C:\Program Files\dotnet\sdk\9.0.312\Microsoft.Common.CurrentVersion.targets(2433,5): warning MSB3277:           Project file item includes which caused reference "C:\Program Files\Autodesk\Revit 2025\ArrayElemsDBAPI.dll". [d:\Software\Antigravity\Birooni Tools\Family Loader\2025\FamilyLoader.csproj]
C:\Program Files\dotnet\sdk\9.0.312\Microsoft.Common.CurrentVersion.targets(2433,5): warning MSB3277:             RevitAPI [d:\Software\Antigravity\Birooni Tools\Family Loader\2025\FamilyLoader.csproj]
C:\Program Files\dotnet\sdk\9.0.312\Microsoft.Common.CurrentVersion.targets(2433,5): warning MSB3277:             RevitAPIUI [d:\Software\Antigravity\Birooni Tools\Family Loader\2025\FamilyLoader.csproj]
C:\Program Files\dotnet\sdk\9.0.312\Microsoft.Common.CurrentVersion.targets(2433,5): warning MSB3277:         C:\Program Files\Autodesk\Revit 2025\EnergyAnalysisDBAPI.dll [d:\Software\Antigravity\Birooni Tools\Family Loader\2025\FamilyLoader.csproj]
C:\Program Files\dotnet\sdk\9.0.312\Microsoft.Common.CurrentVersion.targets(2433,5): warning MSB3277:           Project file item includes which caused reference "C:\Program Files\Autodesk\Revit 2025\EnergyAnalysisDBAPI.dll". [d:\Software\Antigravity\Birooni Tools\Family Loader\2025\FamilyLoader.csproj]
C:\Program Files\dotnet\sdk\9.0.312\Microsoft.Common.CurrentVersion.targets(2433,5): warning MSB3277:             RevitAPI [d:\Software\Antigravity\Birooni Tools\Family Loader\2025\FamilyLoader.csproj]
C:\Program Files\dotnet\sdk\9.0.312\Microsoft.Common.CurrentVersion.targets(2433,5): warning MSB3277:             RevitAPIUI [d:\Software\Antigravity\Birooni Tools\Family Loader\2025\FamilyLoader.csproj]
C:\Program Files\dotnet\sdk\9.0.312\Microsoft.Common.CurrentVersion.targets(2433,5): warning MSB3277:         C:\Program Files\Autodesk\Revit 2025\BuildingSystemsDBAPI.dll [d:\Software\Antigravity\Birooni Tools\Family Loader\2025\FamilyLoader.csproj]
C:\Program Files\dotnet\sdk\9.0.312\Microsoft.Common.CurrentVersion.targets(2433,5): warning MSB3277:           Project file item includes which caused reference "C:\Program Files\Autodesk\Revit 2025\BuildingSystemsDBAPI.dll". [d:\Software\Antigravity\Birooni Tools\Family Loader\2025\FamilyLoader.csproj]
C:\Program Files\dotnet\sdk\9.0.312\Microsoft.Common.CurrentVersion.targets(2433,5): warning MSB3277:             RevitAPI [d:\Software\Antigravity\Birooni Tools\Family Loader\2025\FamilyLoader.csproj]
C:\Program Files\dotnet\sdk\9.0.312\Microsoft.Common.CurrentVersion.targets(2433,5): warning MSB3277:             RevitAPIUI [d:\Software\Antigravity\Birooni Tools\Family Loader\2025\FamilyLoader.csproj]
C:\Program Files\dotnet\sdk\9.0.312\Microsoft.Common.CurrentVersion.targets(2433,5): warning MSB3277:         C:\Program Files\Autodesk\Revit 2025\HostObjDBAPI.dll [d:\Software\Antigravity\Birooni Tools\Family Loader\2025\FamilyLoader.csproj]
C:\Program Files\dotnet\sdk\9.0.312\Microsoft.Common.CurrentVersion.targets(2433,5): warning MSB3277:           Project file item includes which caused reference "C:\Program Files\Autodesk\Revit 2025\HostObjDBAPI.dll". [d:\Software\Antigravity\Birooni Tools\Family Loader\2025\FamilyLoader.csproj]
C:\Program Files\dotnet\sdk\9.0.312\Microsoft.Common.CurrentVersion.targets(2433,5): warning MSB3277:             RevitAPI [d:\Software\Antigravity\Birooni Tools\Family Loader\2025\FamilyLoader.csproj]
C:\Program Files\dotnet\sdk\9.0.312\Microsoft.Common.CurrentVersion.targets(2433,5): warning MSB3277:             RevitAPIUI [d:\Software\Antigravity\Birooni Tools\Family Loader\2025\FamilyLoader.csproj]
C:\Program Files\dotnet\sdk\9.0.312\Microsoft.Common.CurrentVersion.targets(2433,5): warning MSB3277:         C:\Program Files\Autodesk\Revit 2025\RoomAreaPlanDBAPI.dll [d:\Software\Antigravity\Birooni Tools\Family Loader\2025\FamilyLoader.csproj]
C:\Program Files\dotnet\sdk\9.0.312\Microsoft.Common.CurrentVersion.targets(2433,5): warning MSB3277:           Project file item includes which caused reference "C:\Program Files\Autodesk\Revit 2025\RoomAreaPlanDBAPI.dll". [d:\Software\Antigravity\Birooni Tools\Family Loader\2025\FamilyLoader.csproj]
C:\Program Files\dotnet\sdk\9.0.312\Microsoft.Common.CurrentVersion.targets(2433,5): warning MSB3277:             RevitAPI [d:\Software\Antigravity\Birooni Tools\Family Loader\2025\FamilyLoader.csproj]
C:\Program Files\dotnet\sdk\9.0.312\Microsoft.Common.CurrentVersion.targets(2433,5): warning MSB3277:             RevitAPIUI [d:\Software\Antigravity\Birooni Tools\Family Loader\2025\FamilyLoader.csproj]
C:\Program Files\dotnet\sdk\9.0.312\Microsoft.Common.CurrentVersion.targets(2433,5): warning MSB3277:         C:\Program Files\Autodesk\Revit 2025\SiteDBAPI.dll [d:\Software\Antigravity\Birooni Tools\Family Loader\2025\FamilyLoader.csproj]
C:\Program Files\dotnet\sdk\9.0.312\Microsoft.Common.CurrentVersion.targets(2433,5): warning MSB3277:           Project file item includes which caused reference "C:\Program Files\Autodesk\Revit 2025\SiteDBAPI.dll". [d:\Software\Antigravity\Birooni Tools\Family Loader\2025\FamilyLoader.csproj]
C:\Program Files\dotnet\sdk\9.0.312\Microsoft.Common.CurrentVersion.targets(2433,5): warning MSB3277:             RevitAPI [d:\Software\Antigravity\Birooni Tools\Family Loader\2025\FamilyLoader.csproj]
C:\Program Files\dotnet\sdk\9.0.312\Microsoft.Common.CurrentVersion.targets(2433,5): warning MSB3277:             RevitAPIUI [d:\Software\Antigravity\Birooni Tools\Family Loader\2025\FamilyLoader.csproj]
C:\Program Files\dotnet\sdk\9.0.312\Microsoft.Common.CurrentVersion.targets(2433,5): warning MSB3277:         C:\Program Files\Autodesk\Revit 2025\SculptingDBAPI.dll [d:\Software\Antigravity\Birooni Tools\Family Loader\2025\FamilyLoader.csproj]
C:\Program Files\dotnet\sdk\9.0.312\Microsoft.Common.CurrentVersion.targets(2433,5): warning MSB3277:           Project file item includes which caused reference "C:\Program Files\Autodesk\Revit 2025\SculptingDBAPI.dll". [d:\Software\Antigravity\Birooni Tools\Family Loader\2025\FamilyLoader.csproj]
C:\Program Files\dotnet\sdk\9.0.312\Microsoft.Common.CurrentVersion.targets(2433,5): warning MSB3277:             RevitAPI [d:\Software\Antigravity\Birooni Tools\Family Loader\2025\FamilyLoader.csproj]
C:\Program Files\dotnet\sdk\9.0.312\Microsoft.Common.CurrentVersion.targets(2433,5): warning MSB3277:             RevitAPIUI [d:\Software\Antigravity\Birooni Tools\Family Loader\2025\FamilyLoader.csproj]
C:\Program Files\dotnet\sdk\9.0.312\Microsoft.Common.CurrentVersion.targets(2433,5): warning MSB3277:         C:\Program Files\Autodesk\Revit 2025\StructuralDBAPI.dll [d:\Software\Antigravity\Birooni Tools\Family Loader\2025\FamilyLoader.csproj]
C:\Program Files\dotnet\sdk\9.0.312\Microsoft.Common.CurrentVersion.targets(2433,5): warning MSB3277:           Project file item includes which caused reference "C:\Program Files\Autodesk\Revit 2025\StructuralDBAPI.dll". [d:\Software\Antigravity\Birooni Tools\Family Loader\2025\FamilyLoader.csproj]
C:\Program Files\dotnet\sdk\9.0.312\Microsoft.Common.CurrentVersion.targets(2433,5): warning MSB3277:             RevitAPI [d:\Software\Antigravity\Birooni Tools\Family Loader\2025\FamilyLoader.csproj]
C:\Program Files\dotnet\sdk\9.0.312\Microsoft.Common.CurrentVersion.targets(2433,5): warning MSB3277:             RevitAPIUI [d:\Software\Antigravity\Birooni Tools\Family Loader\2025\FamilyLoader.csproj]
C:\Program Files\dotnet\sdk\9.0.312\Microsoft.Common.CurrentVersion.targets(2433,5): warning MSB3277:         C:\Program Files\Autodesk\Revit 2025\InterfaceAPI.dll [d:\Software\Antigravity\Birooni Tools\Family Loader\2025\FamilyLoader.csproj]
C:\Program Files\dotnet\sdk\9.0.312\Microsoft.Common.CurrentVersion.targets(2433,5): warning MSB3277:           Project file item includes which caused reference "C:\Program Files\Autodesk\Revit 2025\InterfaceAPI.dll". [d:\Software\Antigravity\Birooni Tools\Family Loader\2025\FamilyLoader.csproj]
C:\Program Files\dotnet\sdk\9.0.312\Microsoft.Common.CurrentVersion.targets(2433,5): warning MSB3277:             RevitAPI [d:\Software\Antigravity\Birooni Tools\Family Loader\2025\FamilyLoader.csproj]
C:\Program Files\dotnet\sdk\9.0.312\Microsoft.Common.CurrentVersion.targets(2433,5): warning MSB3277:             RevitAPIUI [d:\Software\Antigravity\Birooni Tools\Family Loader\2025\FamilyLoader.csproj]
C:\Program Files\dotnet\sdk\9.0.312\Microsoft.Common.CurrentVersion.targets(2433,5): warning MSB3277:         C:\Program Files\Autodesk\Revit 2025\InterfaceUtilAPI.dll [d:\Software\Antigravity\Birooni Tools\Family Loader\2025\FamilyLoader.csproj]
C:\Program Files\dotnet\sdk\9.0.312\Microsoft.Common.CurrentVersion.targets(2433,5): warning MSB3277:           Project file item includes which caused reference "C:\Program Files\Autodesk\Revit 2025\InterfaceUtilAPI.dll". [d:\Software\Antigravity\Birooni Tools\Family Loader\2025\FamilyLoader.csproj]
C:\Program Files\dotnet\sdk\9.0.312\Microsoft.Common.CurrentVersion.targets(2433,5): warning MSB3277:             RevitAPI [d:\Software\Antigravity\Birooni Tools\Family Loader\2025\FamilyLoader.csproj]
C:\Program Files\dotnet\sdk\9.0.312\Microsoft.Common.CurrentVersion.targets(2433,5): warning MSB3277:             RevitAPIUI [d:\Software\Antigravity\Birooni Tools\Family Loader\2025\FamilyLoader.csproj]
C:\Program Files\dotnet\sdk\9.0.312\Microsoft.Common.CurrentVersion.targets(2433,5): warning MSB3277:         C:\Program Files\Autodesk\Revit 2025\RebarDBAPI.dll [d:\Software\Antigravity\Birooni Tools\Family Loader\2025\FamilyLoader.csproj]
C:\Program Files\dotnet\sdk\9.0.312\Microsoft.Common.CurrentVersion.targets(2433,5): warning MSB3277:           Project file item includes which caused reference "C:\Program Files\Autodesk\Revit 2025\RebarDBAPI.dll". [d:\Software\Antigravity\Birooni Tools\Family Loader\2025\FamilyLoader.csproj]
C:\Program Files\dotnet\sdk\9.0.312\Microsoft.Common.CurrentVersion.targets(2433,5): warning MSB3277:             RevitAPI [d:\Software\Antigravity\Birooni Tools\Family Loader\2025\FamilyLoader.csproj]
C:\Program Files\dotnet\sdk\9.0.312\Microsoft.Common.CurrentVersion.targets(2433,5): warning MSB3277:             RevitAPIUI [d:\Software\Antigravity\Birooni Tools\Family Loader\2025\FamilyLoader.csproj]
C:\Program Files\dotnet\sdk\9.0.312\Microsoft.Common.CurrentVersion.targets(2433,5): warning MSB3277:         C:\Program Files\Autodesk\Revit 2025\StructuralAnalysisDBAPI.dll [d:\Software\Antigravity\Birooni Tools\Family Loader\2025\FamilyLoader.csproj]
C:\Program Files\dotnet\sdk\9.0.312\Microsoft.Common.CurrentVersion.targets(2433,5): warning MSB3277:           Project file item includes which caused reference "C:\Program Files\Autodesk\Revit 2025\StructuralAnalysisDBAPI.dll". [d:\Software\Antigravity\Birooni Tools\Family Loader\2025\FamilyLoader.csproj]
C:\Program Files\dotnet\sdk\9.0.312\Microsoft.Common.CurrentVersion.targets(2433,5): warning MSB3277:             RevitAPI [d:\Software\Antigravity\Birooni Tools\Family Loader\2025\FamilyLoader.csproj]
C:\Program Files\dotnet\sdk\9.0.312\Microsoft.Common.CurrentVersion.targets(2433,5): warning MSB3277:             RevitAPIUI [d:\Software\Antigravity\Birooni Tools\Family Loader\2025\FamilyLoader.csproj]
C:\Program Files\dotnet\sdk\9.0.312\Microsoft.Common.CurrentVersion.targets(2433,5): warning MSB3277:         C:\Program Files\Autodesk\Revit 2025\MassingDBAPI.dll [d:\Software\Antigravity\Birooni Tools\Family Loader\2025\FamilyLoader.csproj]
C:\Program Files\dotnet\sdk\9.0.312\Microsoft.Common.CurrentVersion.targets(2433,5): warning MSB3277:           Project file item includes which caused reference "C:\Program Files\Autodesk\Revit 2025\MassingDBAPI.dll". [d:\Software\Antigravity\Birooni Tools\Family Loader\2025\FamilyLoader.csproj]
C:\Program Files\dotnet\sdk\9.0.312\Microsoft.Common.CurrentVersion.targets(2433,5): warning MSB3277:             RevitAPI [d:\Software\Antigravity\Birooni Tools\Family Loader\2025\FamilyLoader.csproj]
C:\Program Files\dotnet\sdk\9.0.312\Microsoft.Common.CurrentVersion.targets(2433,5): warning MSB3277:             RevitAPIUI [d:\Software\Antigravity\Birooni Tools\Family Loader\2025\FamilyLoader.csproj]
C:\Program Files\dotnet\sdk\9.0.312\Microsoft.Common.CurrentVersion.targets(2433,5): warning MSB3277:         C:\Program Files\Autodesk\Revit 2025\AssemblyDBAPI.dll [d:\Software\Antigravity\Birooni Tools\Family Loader\2025\FamilyLoader.csproj]
C:\Program Files\dotnet\sdk\9.0.312\Microsoft.Common.CurrentVersion.targets(2433,5): warning MSB3277:           Project file item includes which caused reference "C:\Program Files\Autodesk\Revit 2025\AssemblyDBAPI.dll". [d:\Software\Antigravity\Birooni Tools\Family Loader\2025\FamilyLoader.csproj]
C:\Program Files\dotnet\sdk\9.0.312\Microsoft.Common.CurrentVersion.targets(2433,5): warning MSB3277:             RevitAPI [d:\Software\Antigravity\Birooni Tools\Family Loader\2025\FamilyLoader.csproj]
C:\Program Files\dotnet\sdk\9.0.312\Microsoft.Common.CurrentVersion.targets(2433,5): warning MSB3277:             RevitAPIUI [d:\Software\Antigravity\Birooni Tools\Family Loader\2025\FamilyLoader.csproj]
C:\Program Files\dotnet\sdk\9.0.312\Microsoft.Common.CurrentVersion.targets(2433,5): warning MSB3277:         C:\Program Files\Autodesk\Revit 2025\DPartDBAPI.dll [d:\Software\Antigravity\Birooni Tools\Family Loader\2025\FamilyLoader.csproj]
C:\Program Files\dotnet\sdk\9.0.312\Microsoft.Common.CurrentVersion.targets(2433,5): warning MSB3277:           Project file item includes which caused reference "C:\Program Files\Autodesk\Revit 2025\DPartDBAPI.dll". [d:\Software\Antigravity\Birooni Tools\Family Loader\2025\FamilyLoader.csproj]
C:\Program Files\dotnet\sdk\9.0.312\Microsoft.Common.CurrentVersion.targets(2433,5): warning MSB3277:             RevitAPI [d:\Software\Antigravity\Birooni Tools\Family Loader\2025\FamilyLoader.csproj]
C:\Program Files\dotnet\sdk\9.0.312\Microsoft.Common.CurrentVersion.targets(2433,5): warning MSB3277:             RevitAPIUI [d:\Software\Antigravity\Birooni Tools\Family Loader\2025\FamilyLoader.csproj]
C:\Program Files\dotnet\sdk\9.0.312\Microsoft.Common.CurrentVersion.targets(2433,5): warning MSB3277:         C:\Program Files\Autodesk\Revit 2025\NumberingDBAPI.dll [d:\Software\Antigravity\Birooni Tools\Family Loader\2025\FamilyLoader.csproj]
C:\Program Files\dotnet\sdk\9.0.312\Microsoft.Common.CurrentVersion.targets(2433,5): warning MSB3277:           Project file item includes which caused reference "C:\Program Files\Autodesk\Revit 2025\NumberingDBAPI.dll". [d:\Software\Antigravity\Birooni Tools\Family Loader\2025\FamilyLoader.csproj]
C:\Program Files\dotnet\sdk\9.0.312\Microsoft.Common.CurrentVersion.targets(2433,5): warning MSB3277:             RevitAPI [d:\Software\Antigravity\Birooni Tools\Family Loader\2025\FamilyLoader.csproj]
C:\Program Files\dotnet\sdk\9.0.312\Microsoft.Common.CurrentVersion.targets(2433,5): warning MSB3277:             RevitAPIUI [d:\Software\Antigravity\Birooni Tools\Family Loader\2025\FamilyLoader.csproj]
C:\Program Files\dotnet\sdk\9.0.312\Microsoft.Common.CurrentVersion.targets(2433,5): warning MSB3277:         C:\Program Files\Autodesk\Revit 2025\PointCloudAccessAPI.dll [d:\Software\Antigravity\Birooni Tools\Family Loader\2025\FamilyLoader.csproj]
C:\Program Files\dotnet\sdk\9.0.312\Microsoft.Common.CurrentVersion.targets(2433,5): warning MSB3277:           Project file item includes which caused reference "C:\Program Files\Autodesk\Revit 2025\PointCloudAccessAPI.dll". [d:\Software\Antigravity\Birooni Tools\Family Loader\2025\FamilyLoader.csproj]
C:\Program Files\dotnet\sdk\9.0.312\Microsoft.Common.CurrentVersion.targets(2433,5): warning MSB3277:             RevitAPI [d:\Software\Antigravity\Birooni Tools\Family Loader\2025\FamilyLoader.csproj]
C:\Program Files\dotnet\sdk\9.0.312\Microsoft.Common.CurrentVersion.targets(2433,5): warning MSB3277:             RevitAPIUI [d:\Software\Antigravity\Birooni Tools\Family Loader\2025\FamilyLoader.csproj]
C:\Program Files\dotnet\sdk\9.0.312\Microsoft.Common.CurrentVersion.targets(2433,5): warning MSB3277:         C:\Program Files\Autodesk\Revit 2025\StairRampDBAPI.dll [d:\Software\Antigravity\Birooni Tools\Family Loader\2025\FamilyLoader.csproj]
C:\Program Files\dotnet\sdk\9.0.312\Microsoft.Common.CurrentVersion.targets(2433,5): warning MSB3277:           Project file item includes which caused reference "C:\Program Files\Autodesk\Revit 2025\StairRampDBAPI.dll". [d:\Software\Antigravity\Birooni Tools\Family Loader\2025\FamilyLoader.csproj]
C:\Program Files\dotnet\sdk\9.0.312\Microsoft.Common.CurrentVersion.targets(2433,5): warning MSB3277:             RevitAPI [d:\Software\Antigravity\Birooni Tools\Family Loader\2025\FamilyLoader.csproj]
C:\Program Files\dotnet\sdk\9.0.312\Microsoft.Common.CurrentVersion.targets(2433,5): warning MSB3277:             RevitAPIUI [d:\Software\Antigravity\Birooni Tools\Family Loader\2025\FamilyLoader.csproj]
C:\Program Files\dotnet\sdk\9.0.312\Microsoft.Common.CurrentVersion.targets(2433,5): warning MSB3277:         C:\Program Files\Autodesk\Revit 2025\AnalysisAppsDBAPI.dll [d:\Software\Antigravity\Birooni Tools\Family Loader\2025\FamilyLoader.csproj]
C:\Program Files\dotnet\sdk\9.0.312\Microsoft.Common.CurrentVersion.targets(2433,5): warning MSB3277:           Project file item includes which caused reference "C:\Program Files\Autodesk\Revit 2025\AnalysisAppsDBAPI.dll". [d:\Software\Antigravity\Birooni Tools\Family Loader\2025\FamilyLoader.csproj]
C:\Program Files\dotnet\sdk\9.0.312\Microsoft.Common.CurrentVersion.targets(2433,5): warning MSB3277:             RevitAPI [d:\Software\Antigravity\Birooni Tools\Family Loader\2025\FamilyLoader.csproj]
C:\Program Files\dotnet\sdk\9.0.312\Microsoft.Common.CurrentVersion.targets(2433,5): warning MSB3277:             RevitAPIUI [d:\Software\Antigravity\Birooni Tools\Family Loader\2025\FamilyLoader.csproj]
C:\Program Files\dotnet\sdk\9.0.312\Microsoft.Common.CurrentVersion.targets(2433,5): warning MSB3277:         C:\Program Files\Autodesk\Revit 2025\MaterialDBAPI.dll [d:\Software\Antigravity\Birooni Tools\Family Loader\2025\FamilyLoader.csproj]
C:\Program Files\dotnet\sdk\9.0.312\Microsoft.Common.CurrentVersion.targets(2433,5): warning MSB3277:           Project file item includes which caused reference "C:\Program Files\Autodesk\Revit 2025\MaterialDBAPI.dll". [d:\Software\Antigravity\Birooni Tools\Family Loader\2025\FamilyLoader.csproj]
C:\Program Files\dotnet\sdk\9.0.312\Microsoft.Common.CurrentVersion.targets(2433,5): warning MSB3277:             RevitAPI [d:\Software\Antigravity\Birooni Tools\Family Loader\2025\FamilyLoader.csproj]
C:\Program Files\dotnet\sdk\9.0.312\Microsoft.Common.CurrentVersion.targets(2433,5): warning MSB3277:             RevitAPIUI [d:\Software\Antigravity\Birooni Tools\Family Loader\2025\FamilyLoader.csproj]
C:\Program Files\dotnet\sdk\9.0.312\Microsoft.Common.CurrentVersion.targets(2433,5): warning MSB3277:         C:\Program Files\Autodesk\Revit 2025\IntfATFAPI.dll [d:\Software\Antigravity\Birooni Tools\Family Loader\2025\FamilyLoader.csproj]
C:\Program Files\dotnet\sdk\9.0.312\Microsoft.Common.CurrentVersion.targets(2433,5): warning MSB3277:           Project file item includes which caused reference "C:\Program Files\Autodesk\Revit 2025\IntfATFAPI.dll". [d:\Software\Antigravity\Birooni Tools\Family Loader\2025\FamilyLoader.csproj]
C:\Program Files\dotnet\sdk\9.0.312\Microsoft.Common.CurrentVersion.targets(2433,5): warning MSB3277:             RevitAPI [d:\Software\Antigravity\Birooni Tools\Family Loader\2025\FamilyLoader.csproj]
C:\Program Files\dotnet\sdk\9.0.312\Microsoft.Common.CurrentVersion.targets(2433,5): warning MSB3277:             RevitAPIUI [d:\Software\Antigravity\Birooni Tools\Family Loader\2025\FamilyLoader.csproj]
C:\Program Files\dotnet\sdk\9.0.312\Microsoft.Common.CurrentVersion.targets(2433,5): warning MSB3277:         C:\Program Files\Autodesk\Revit 2025\TextEngineAPI.dll [d:\Software\Antigravity\Birooni Tools\Family Loader\2025\FamilyLoader.csproj]
C:\Program Files\dotnet\sdk\9.0.312\Microsoft.Common.CurrentVersion.targets(2433,5): warning MSB3277:           Project file item includes which caused reference "C:\Program Files\Autodesk\Revit 2025\TextEngineAPI.dll". [d:\Software\Antigravity\Birooni Tools\Family Loader\2025\FamilyLoader.csproj]
C:\Program Files\dotnet\sdk\9.0.312\Microsoft.Common.CurrentVersion.targets(2433,5): warning MSB3277:             RevitAPI [d:\Software\Antigravity\Birooni Tools\Family Loader\2025\FamilyLoader.csproj]
C:\Program Files\dotnet\sdk\9.0.312\Microsoft.Common.CurrentVersion.targets(2433,5): warning MSB3277:             RevitAPIUI [d:\Software\Antigravity\Birooni Tools\Family Loader\2025\FamilyLoader.csproj]
C:\Program Files\dotnet\sdk\9.0.312\Microsoft.Common.CurrentVersion.targets(2433,5): warning MSB3277:         C:\Program Files\Autodesk\Revit 2025\InfrastructureDBAPI.dll [d:\Software\Antigravity\Birooni Tools\Family Loader\2025\FamilyLoader.csproj]
C:\Program Files\dotnet\sdk\9.0.312\Microsoft.Common.CurrentVersion.targets(2433,5): warning MSB3277:           Project file item includes which caused reference "C:\Program Files\Autodesk\Revit 2025\InfrastructureDBAPI.dll". [d:\Software\Antigravity\Birooni Tools\Family Loader\2025\FamilyLoader.csproj]
C:\Program Files\dotnet\sdk\9.0.312\Microsoft.Common.CurrentVersion.targets(2433,5): warning MSB3277:             RevitAPI [d:\Software\Antigravity\Birooni Tools\Family Loader\2025\FamilyLoader.csproj]
C:\Program Files\dotnet\sdk\9.0.312\Microsoft.Common.CurrentVersion.targets(2433,5): warning MSB3277:             RevitAPIUI [d:\Software\Antigravity\Birooni Tools\Family Loader\2025\FamilyLoader.csproj]
C:\Program Files\dotnet\sdk\9.0.312\Microsoft.Common.CurrentVersion.targets(2433,5): warning MSB3277:         C:\Program Files\Autodesk\Revit 2025\ATFRevitCoreAPI.dll [d:\Software\Antigravity\Birooni Tools\Family Loader\2025\FamilyLoader.csproj]
C:\Program Files\dotnet\sdk\9.0.312\Microsoft.Common.CurrentVersion.targets(2433,5): warning MSB3277:           Project file item includes which caused reference "C:\Program Files\Autodesk\Revit 2025\ATFRevitCoreAPI.dll". [d:\Software\Antigravity\Birooni Tools\Family Loader\2025\FamilyLoader.csproj]
C:\Program Files\dotnet\sdk\9.0.312\Microsoft.Common.CurrentVersion.targets(2433,5): warning MSB3277:             RevitAPI [d:\Software\Antigravity\Birooni Tools\Family Loader\2025\FamilyLoader.csproj]
C:\Program Files\dotnet\sdk\9.0.312\Microsoft.Common.CurrentVersion.targets(2433,5): warning MSB3277:             RevitAPIUI [d:\Software\Antigravity\Birooni Tools\Family Loader\2025\FamilyLoader.csproj]
C:\Program Files\dotnet\sdk\9.0.312\Microsoft.Common.CurrentVersion.targets(2433,5): warning MSB3277:         C:\Program Files\Autodesk\Revit 2025\DBManagedServices.dll [d:\Software\Antigravity\Birooni Tools\Family Loader\2025\FamilyLoader.csproj]
C:\Program Files\dotnet\sdk\9.0.312\Microsoft.Common.CurrentVersion.targets(2433,5): warning MSB3277:           Project file item includes which caused reference "C:\Program Files\Autodesk\Revit 2025\DBManagedServices.dll". [d:\Software\Antigravity\Birooni Tools\Family Loader\2025\FamilyLoader.csproj]
C:\Program Files\dotnet\sdk\9.0.312\Microsoft.Common.CurrentVersion.targets(2433,5): warning MSB3277:             RevitAPI [d:\Software\Antigravity\Birooni Tools\Family Loader\2025\FamilyLoader.csproj]
C:\Program Files\dotnet\sdk\9.0.312\Microsoft.Common.CurrentVersion.targets(2433,5): warning MSB3277:             RevitAPIUI [d:\Software\Antigravity\Birooni Tools\Family Loader\2025\FamilyLoader.csproj]
C:\Program Files\dotnet\sdk\9.0.312\Microsoft.Common.CurrentVersion.targets(2433,5): warning MSB3277:         C:\Program Files\Autodesk\Revit 2025\APIInterop.dll [d:\Software\Antigravity\Birooni Tools\Family Loader\2025\FamilyLoader.csproj]
C:\Program Files\dotnet\sdk\9.0.312\Microsoft.Common.CurrentVersion.targets(2433,5): warning MSB3277:           Project file item includes which caused reference "C:\Program Files\Autodesk\Revit 2025\APIInterop.dll". [d:\Software\Antigravity\Birooni Tools\Family Loader\2025\FamilyLoader.csproj]
C:\Program Files\dotnet\sdk\9.0.312\Microsoft.Common.CurrentVersion.targets(2433,5): warning MSB3277:             RevitAPIUI [d:\Software\Antigravity\Birooni Tools\Family Loader\2025\FamilyLoader.csproj]
C:\Program Files\dotnet\sdk\9.0.312\Microsoft.Common.CurrentVersion.targets(2433,5): warning MSB3277:         C:\Program Files\Autodesk\Revit 2025\AddInManager.dll [d:\Software\Antigravity\Birooni Tools\Family Loader\2025\FamilyLoader.csproj]
C:\Program Files\dotnet\sdk\9.0.312\Microsoft.Common.CurrentVersion.targets(2433,5): warning MSB3277:           Project file item includes which caused reference "C:\Program Files\Autodesk\Revit 2025\AddInManager.dll". [d:\Software\Antigravity\Birooni Tools\Family Loader\2025\FamilyLoader.csproj]
C:\Program Files\dotnet\sdk\9.0.312\Microsoft.Common.CurrentVersion.targets(2433,5): warning MSB3277:             RevitAPIUI [d:\Software\Antigravity\Birooni Tools\Family Loader\2025\FamilyLoader.csproj]
C:\Program Files\dotnet\sdk\9.0.312\Microsoft.Common.CurrentVersion.targets(2433,5): warning MSB3277:         C:\Program Files\Autodesk\Revit 2025\RevitUIAPI.dll [d:\Software\Antigravity\Birooni Tools\Family Loader\2025\FamilyLoader.csproj]
C:\Program Files\dotnet\sdk\9.0.312\Microsoft.Common.CurrentVersion.targets(2433,5): warning MSB3277:           Project file item includes which caused reference "C:\Program Files\Autodesk\Revit 2025\RevitUIAPI.dll". [d:\Software\Antigravity\Birooni Tools\Family Loader\2025\FamilyLoader.csproj]
C:\Program Files\dotnet\sdk\9.0.312\Microsoft.Common.CurrentVersion.targets(2433,5): warning MSB3277:             RevitAPIUI [d:\Software\Antigravity\Birooni Tools\Family Loader\2025\FamilyLoader.csproj]
C:\Program Files\dotnet\sdk\9.0.312\Microsoft.Common.CurrentVersion.targets(2433,5): warning MSB3277:         C:\Program Files\Autodesk\Revit 2025\BuildingSystemsUIAPI.dll [d:\Software\Antigravity\Birooni Tools\Family Loader\2025\FamilyLoader.csproj]
C:\Program Files\dotnet\sdk\9.0.312\Microsoft.Common.CurrentVersion.targets(2433,5): warning MSB3277:           Project file item includes which caused reference "C:\Program Files\Autodesk\Revit 2025\BuildingSystemsUIAPI.dll". [d:\Software\Antigravity\Birooni Tools\Family Loader\2025\FamilyLoader.csproj]
C:\Program Files\dotnet\sdk\9.0.312\Microsoft.Common.CurrentVersion.targets(2433,5): warning MSB3277:             RevitAPIUI [d:\Software\Antigravity\Birooni Tools\Family Loader\2025\FamilyLoader.csproj]
C:\Program Files\dotnet\sdk\9.0.312\Microsoft.Common.CurrentVersion.targets(2433,5): warning MSB3277:         C:\Program Files\Autodesk\Revit 2025\DesktopMFCAPI.dll [d:\Software\Antigravity\Birooni Tools\Family Loader\2025\FamilyLoader.csproj]
C:\Program Files\dotnet\sdk\9.0.312\Microsoft.Common.CurrentVersion.targets(2433,5): warning MSB3277:           Project file item includes which caused reference "C:\Program Files\Autodesk\Revit 2025\DesktopMFCAPI.dll". [d:\Software\Antigravity\Birooni Tools\Family Loader\2025\FamilyLoader.csproj]
C:\Program Files\dotnet\sdk\9.0.312\Microsoft.Common.CurrentVersion.targets(2433,5): warning MSB3277:             RevitAPIUI [d:\Software\Antigravity\Birooni Tools\Family Loader\2025\FamilyLoader.csproj]
C:\Program Files\dotnet\sdk\9.0.312\Microsoft.Common.CurrentVersion.targets(2433,5): warning MSB3277:         C:\Program Files\Autodesk\Revit 2025\APIUIAPI.dll [d:\Software\Antigravity\Birooni Tools\Family Loader\2025\FamilyLoader.csproj]
C:\Program Files\dotnet\sdk\9.0.312\Microsoft.Common.CurrentVersion.targets(2433,5): warning MSB3277:           Project file item includes which caused reference "C:\Program Files\Autodesk\Revit 2025\APIUIAPI.dll". [d:\Software\Antigravity\Birooni Tools\Family Loader\2025\FamilyLoader.csproj]
C:\Program Files\dotnet\sdk\9.0.312\Microsoft.Common.CurrentVersion.targets(2433,5): warning MSB3277:             RevitAPIUI [d:\Software\Antigravity\Birooni Tools\Family Loader\2025\FamilyLoader.csproj]
C:\Program Files\dotnet\sdk\9.0.312\Microsoft.Common.CurrentVersion.targets(2433,5): warning MSB3277:         C:\Program Files\Autodesk\Revit 2025\RevitMFCAPI.dll [d:\Software\Antigravity\Birooni Tools\Family Loader\2025\FamilyLoader.csproj]
C:\Program Files\dotnet\sdk\9.0.312\Microsoft.Common.CurrentVersion.targets(2433,5): warning MSB3277:           Project file item includes which caused reference "C:\Program Files\Autodesk\Revit 2025\RevitMFCAPI.dll". [d:\Software\Antigravity\Birooni Tools\Family Loader\2025\FamilyLoader.csproj]
C:\Program Files\dotnet\sdk\9.0.312\Microsoft.Common.CurrentVersion.targets(2433,5): warning MSB3277:             RevitAPIUI [d:\Software\Antigravity\Birooni Tools\Family Loader\2025\FamilyLoader.csproj]
C:\Program Files\dotnet\sdk\9.0.312\Microsoft.Common.CurrentVersion.targets(2433,5): warning MSB3277:         C:\Program Files\Autodesk\Revit 2025\EssentialsUIAPI.dll [d:\Software\Antigravity\Birooni Tools\Family Loader\2025\FamilyLoader.csproj]
C:\Program Files\dotnet\sdk\9.0.312\Microsoft.Common.CurrentVersion.targets(2433,5): warning MSB3277:           Project file item includes which caused reference "C:\Program Files\Autodesk\Revit 2025\EssentialsUIAPI.dll". [d:\Software\Antigravity\Birooni Tools\Family Loader\2025\FamilyLoader.csproj]
C:\Program Files\dotnet\sdk\9.0.312\Microsoft.Common.CurrentVersion.targets(2433,5): warning MSB3277:             RevitAPIUI [d:\Software\Antigravity\Birooni Tools\Family Loader\2025\FamilyLoader.csproj]
C:\Program Files\dotnet\sdk\9.0.312\Microsoft.Common.CurrentVersion.targets(2433,5): warning MSB3277:         C:\Program Files\Autodesk\Revit 2025\DetailUIAPI.dll [d:\Software\Antigravity\Birooni Tools\Family Loader\2025\FamilyLoader.csproj]
C:\Program Files\dotnet\sdk\9.0.312\Microsoft.Common.CurrentVersion.targets(2433,5): warning MSB3277:           Project file item includes which caused reference "C:\Program Files\Autodesk\Revit 2025\DetailUIAPI.dll". [d:\Software\Antigravity\Birooni Tools\Family Loader\2025\FamilyLoader.csproj]
C:\Program Files\dotnet\sdk\9.0.312\Microsoft.Common.CurrentVersion.targets(2433,5): warning MSB3277:             RevitAPIUI [d:\Software\Antigravity\Birooni Tools\Family Loader\2025\FamilyLoader.csproj]
C:\Program Files\dotnet\sdk\9.0.312\Microsoft.Common.CurrentVersion.targets(2433,5): warning MSB3277:         C:\Program Files\Autodesk\Revit 2025\UIFrameworkServices.dll [d:\Software\Antigravity\Birooni Tools\Family Loader\2025\FamilyLoader.csproj]
C:\Program Files\dotnet\sdk\9.0.312\Microsoft.Common.CurrentVersion.targets(2433,5): warning MSB3277:           Project file item includes which caused reference "C:\Program Files\Autodesk\Revit 2025\UIFrameworkServices.dll". [d:\Software\Antigravity\Birooni Tools\Family Loader\2025\FamilyLoader.csproj]
C:\Program Files\dotnet\sdk\9.0.312\Microsoft.Common.CurrentVersion.targets(2433,5): warning MSB3277:             RevitAPIUI [d:\Software\Antigravity\Birooni Tools\Family Loader\2025\FamilyLoader.csproj]
C:\Program Files\dotnet\sdk\9.0.312\Microsoft.Common.CurrentVersion.targets(2433,5): warning MSB3277:         C:\Program Files\Autodesk\Revit 2025\SSONET.dll [d:\Software\Antigravity\Birooni Tools\Family Loader\2025\FamilyLoader.csproj]
C:\Program Files\dotnet\sdk\9.0.312\Microsoft.Common.CurrentVersion.targets(2433,5): warning MSB3277:           Project file item includes which caused reference "C:\Program Files\Autodesk\Revit 2025\SSONET.dll". [d:\Software\Antigravity\Birooni Tools\Family Loader\2025\FamilyLoader.csproj]
C:\Program Files\dotnet\sdk\9.0.312\Microsoft.Common.CurrentVersion.targets(2433,5): warning MSB3277:             RevitAPIUI [d:\Software\Antigravity\Birooni Tools\Family Loader\2025\FamilyLoader.csproj]
C:\Program Files\dotnet\sdk\9.0.312\Microsoft.Common.CurrentVersion.targets(2433,5): warning MSB3277:         C:\Program Files\Autodesk\Revit 2025\CefSharp.Core.Runtime.dll [d:\Software\Antigravity\Birooni Tools\Family Loader\2025\FamilyLoader.csproj]
C:\Program Files\dotnet\sdk\9.0.312\Microsoft.Common.CurrentVersion.targets(2433,5): warning MSB3277:           Project file item includes which caused reference "C:\Program Files\Autodesk\Revit 2025\CefSharp.Core.Runtime.dll". [d:\Software\Antigravity\Birooni Tools\Family Loader\2025\FamilyLoader.csproj]
C:\Program Files\dotnet\sdk\9.0.312\Microsoft.Common.CurrentVersion.targets(2433,5): warning MSB3277:             RevitAPIUI [d:\Software\Antigravity\Birooni Tools\Family Loader\2025\FamilyLoader.csproj]
    6 Warning(s)
    0 Error(s)

Time Elapsed 00:00:01.05
